"Step","swept-blaze-817 - mean_entropy_1","swept-blaze-817 - mean_entropy_1__MIN","swept-blaze-817 - mean_entropy_1__MAX"
"1","0.9992509484291077","0.9992509484291077","0.9992509484291077"
"3","0.9992893934249878","0.9992893934249878","0.9992893934249878"
"5","0.9991891384124756","0.9991891384124756","0.9991891384124756"
"7","0.9992218613624573","0.9992218613624573","0.9992218613624573"
"9","0.9993235468864441","0.9993235468864441","0.9993235468864441"
"11","0.9992300868034363","0.9992300868034363","0.9992300868034363"
"13","0.9991774559020996","0.9991774559020996","0.9991774559020996"
"17","0.9993101358413696","0.9993101358413696","0.9993101358413696"
"19","0.9992755055427551","0.9992755055427551","0.9992755055427551"
"21","0.9993503093719482","0.9993503093719482","0.9993503093719482"
"23","0.9992836713790894","0.9992836713790894","0.9992836713790894"
"25","0.9993216395378113","0.9993216395378113","0.9993216395378113"
"27","0.9993128776550293","0.9993128776550293","0.9993128776550293"
"29","0.9993266463279724","0.9993266463279724","0.9993266463279724"
"33","0.9991596937179565","0.9991596937179565","0.9991596937179565"
"35","0.9993181228637695","0.9993181228637695","0.9993181228637695"
"37","0.9993959665298462","0.9993959665298462","0.9993959665298462"
"39","0.9992352724075317","0.9992352724075317","0.9992352724075317"
"41","0.9993056654930115","0.9993056654930115","0.9993056654930115"
"43","0.9992765188217163","0.9992765188217163","0.9992765188217163"
"45","0.9993342161178589","0.9993342161178589","0.9993342161178589"
"49","0.9993200302124023","0.9993200302124023","0.9993200302124023"
"51","0.9992760419845581","0.9992760419845581","0.9992760419845581"
"53","0.999271035194397","0.999271035194397","0.999271035194397"
"55","0.9992371797561646","0.9992371797561646","0.9992371797561646"
"57","0.9993539452552795","0.9993539452552795","0.9993539452552795"
"59","0.9992812871932983","0.9992812871932983","0.9992812871932983"
"61","0.9993385076522827","0.9993385076522827","0.9993385076522827"
"65","0.9993070363998413","0.9993070363998413","0.9993070363998413"
"67","0.9992862343788147","0.9992862343788147","0.9992862343788147"
"69","0.999299943447113","0.999299943447113","0.999299943447113"
"71","0.9992138743400574","0.9992138743400574","0.9992138743400574"
"73","0.999348521232605","0.999348521232605","0.999348521232605"
"75","0.9992164373397827","0.9992164373397827","0.9992164373397827"
"77","0.9993303418159485","0.9993303418159485","0.9993303418159485"
"81","0.9991738796234131","0.9991738796234131","0.9991738796234131"
"83","0.999252438545227","0.999252438545227","0.999252438545227"
"85","0.9993382096290588","0.9993382096290588","0.9993382096290588"
"87","0.9993286728858948","0.9993286728858948","0.9993286728858948"
"89","0.999291181564331","0.999291181564331","0.999291181564331"
"91","0.9992160797119141","0.9992160797119141","0.9992160797119141"
"93","0.9993076920509338","0.9993076920509338","0.9993076920509338"
"97","0.9991999864578247","0.9991999864578247","0.9991999864578247"
"99","0.9992202520370483","0.9992202520370483","0.9992202520370483"
"101","0.9991499185562134","0.9991499185562134","0.9991499185562134"
"103","0.9992035031318665","0.9992035031318665","0.9992035031318665"
"105","0.9992665648460388","0.9992665648460388","0.9992665648460388"
"107","0.9990755915641785","0.9990755915641785","0.9990755915641785"
"109","0.999220609664917","0.999220609664917","0.999220609664917"
"113","0.9990749359130859","0.9990749359130859","0.9990749359130859"
"115","0.9991922378540039","0.9991922378540039","0.9991922378540039"
"117","0.9992623925209045","0.9992623925209045","0.9992623925209045"
"119","0.99919593334198","0.99919593334198","0.99919593334198"
"121","0.9991275072097778","0.9991275072097778","0.9991275072097778"
"123","0.998759388923645","0.998759388923645","0.998759388923645"
"125","0.9991660118103027","0.9991660118103027","0.9991660118103027"
"129","0.9991438388824463","0.9991438388824463","0.9991438388824463"
"131","0.9989847540855408","0.9989847540855408","0.9989847540855408"
"133","0.9992179870605469","0.9992179870605469","0.9992179870605469"
"135","0.9990907311439514","0.9990907311439514","0.9990907311439514"
"137","0.9992046356201172","0.9992046356201172","0.9992046356201172"
"139","0.9989486336708069","0.9989486336708069","0.9989486336708069"
"141","0.9990630745887756","0.9990630745887756","0.9990630745887756"
"145","0.9991461038589478","0.9991461038589478","0.9991461038589478"
"147","0.9989346265792847","0.9989346265792847","0.9989346265792847"
"149","0.9991224408149719","0.9991224408149719","0.9991224408149719"
"151","0.9988869428634644","0.9988869428634644","0.9988869428634644"
"153","0.9990313649177551","0.9990313649177551","0.9990313649177551"
"155","0.9989467263221741","0.9989467263221741","0.9989467263221741"
"157","0.9990359544754028","0.9990359544754028","0.9990359544754028"
"161","0.9990147352218628","0.9990147352218628","0.9990147352218628"
"163","0.9988281726837158","0.9988281726837158","0.9988281726837158"
"165","0.998806893825531","0.998806893825531","0.998806893825531"
"167","0.9989417195320129","0.9989417195320129","0.9989417195320129"
"169","0.999046802520752","0.999046802520752","0.999046802520752"
"171","0.9986522793769836","0.9986522793769836","0.9986522793769836"
"173","0.9989784955978394","0.9989784955978394","0.9989784955978394"
"177","0.9988743662834167","0.9988743662834167","0.9988743662834167"
"179","0.9987806677818298","0.9987806677818298","0.9987806677818298"
"181","0.9990720152854919","0.9990720152854919","0.9990720152854919"
"183","0.9984880685806274","0.9984880685806274","0.9984880685806274"
"185","0.9988270401954651","0.9988270401954651","0.9988270401954651"
"187","0.9986998438835144","0.9986998438835144","0.9986998438835144"
"189","0.9988651871681213","0.9988651871681213","0.9988651871681213"
"193","0.9987808465957642","0.9987808465957642","0.9987808465957642"
"195","0.9985660910606384","0.9985660910606384","0.9985660910606384"
"197","0.9988064169883728","0.9988064169883728","0.9988064169883728"
"199","0.9986571669578552","0.9986571669578552","0.9986571669578552"
"201","0.9987801313400269","0.9987801313400269","0.9987801313400269"
"203","0.9986249804496765","0.9986249804496765","0.9986249804496765"
"205","0.9987742900848389","0.9987742900848389","0.9987742900848389"
"209","0.9988052248954773","0.9988052248954773","0.9988052248954773"
"211","0.9985824227333069","0.9985824227333069","0.9985824227333069"
"213","0.998851478099823","0.998851478099823","0.998851478099823"
"215","0.9985255002975464","0.9985255002975464","0.9985255002975464"
"217","0.9988009929656982","0.9988009929656982","0.9988009929656982"
"219","0.9984318614006042","0.9984318614006042","0.9984318614006042"
"221","0.9986461400985718","0.9986461400985718","0.9986461400985718"
"225","0.9984035491943359","0.9984035491943359","0.9984035491943359"
"227","0.9983721971511841","0.9983721971511841","0.9983721971511841"
"229","0.9985637068748474","0.9985637068748474","0.9985637068748474"
"231","0.998658299446106","0.998658299446106","0.998658299446106"
"233","0.9985882043838501","0.9985882043838501","0.9985882043838501"
"235","0.9982903003692627","0.9982903003692627","0.9982903003692627"
"237","0.9985359907150269","0.9985359907150269","0.9985359907150269"
"241","0.9981696009635925","0.9981696009635925","0.9981696009635925"
"243","0.9983335137367249","0.9983335137367249","0.9983335137367249"
"245","0.998307466506958","0.998307466506958","0.998307466506958"
"247","0.998092532157898","0.998092532157898","0.998092532157898"
"249","0.9982595443725586","0.9982595443725586","0.9982595443725586"
"251","0.9982024431228638","0.9982024431228638","0.9982024431228638"
"253","0.9982516765594482","0.9982516765594482","0.9982516765594482"
"257","0.9983503222465515","0.9983503222465515","0.9983503222465515"
"259","0.9979895353317261","0.9979895353317261","0.9979895353317261"
"261","0.9980372786521912","0.9980372786521912","0.9980372786521912"
"263","0.998259425163269","0.998259425163269","0.998259425163269"
"265","0.9980586171150208","0.9980586171150208","0.9980586171150208"
"267","0.9981420636177063","0.9981420636177063","0.9981420636177063"
"269","0.9982102513313293","0.9982102513313293","0.9982102513313293"
"273","0.9980042576789856","0.9980042576789856","0.9980042576789856"
"275","0.9977962374687195","0.9977962374687195","0.9977962374687195"
"277","0.9980329871177673","0.9980329871177673","0.9980329871177673"
"279","0.9979070425033569","0.9979070425033569","0.9979070425033569"
"281","0.9980543851852417","0.9980543851852417","0.9980543851852417"
"283","0.9976307153701782","0.9976307153701782","0.9976307153701782"
"285","0.9980562329292297","0.9980562329292297","0.9980562329292297"
"289","0.9980084300041199","0.9980084300041199","0.9980084300041199"
"291","0.9979243278503418","0.9979243278503418","0.9979243278503418"
"293","0.9976632595062256","0.9976632595062256","0.9976632595062256"
"295","0.997584342956543","0.997584342956543","0.997584342956543"
"297","0.9977430105209351","0.9977430105209351","0.9977430105209351"
"299","0.9977669715881348","0.9977669715881348","0.9977669715881348"
"301","0.9978045225143433","0.9978045225143433","0.9978045225143433"
"305","0.9978228211402893","0.9978228211402893","0.9978228211402893"
"307","0.9975318908691406","0.9975318908691406","0.9975318908691406"
"309","0.9977779388427734","0.9977779388427734","0.9977779388427734"
"311","0.9973954558372498","0.9973954558372498","0.9973954558372498"
"313","0.997630774974823","0.997630774974823","0.997630774974823"
"315","0.997325599193573","0.997325599193573","0.997325599193573"
"317","0.9975820183753967","0.9975820183753967","0.9975820183753967"
"321","0.9973723888397217","0.9973723888397217","0.9973723888397217"
"323","0.9972208738327026","0.9972208738327026","0.9972208738327026"
"325","0.9973414540290833","0.9973414540290833","0.9973414540290833"
"327","0.9972410798072815","0.9972410798072815","0.9972410798072815"
"329","0.9975522756576538","0.9975522756576538","0.9975522756576538"
"331","0.9969407320022583","0.9969407320022583","0.9969407320022583"
"333","0.9976078867912292","0.9976078867912292","0.9976078867912292"
"337","0.9972460269927979","0.9972460269927979","0.9972460269927979"
"339","0.9967716336250305","0.9967716336250305","0.9967716336250305"
"341","0.997370183467865","0.997370183467865","0.997370183467865"
"343","0.9971054196357727","0.9971054196357727","0.9971054196357727"
"345","0.9969626665115356","0.9969626665115356","0.9969626665115356"
"347","0.9968317747116089","0.9968317747116089","0.9968317747116089"
"349","0.9969807863235474","0.9969807863235474","0.9969807863235474"
"353","0.9968559145927429","0.9968559145927429","0.9968559145927429"
"355","0.9966945648193359","0.9966945648193359","0.9966945648193359"
"357","0.9970612525939941","0.9970612525939941","0.9970612525939941"
"359","0.9964993596076965","0.9964993596076965","0.9964993596076965"
"361","0.9967930912971497","0.9967930912971497","0.9967930912971497"
"363","0.9967120885848999","0.9967120885848999","0.9967120885848999"
"365","0.9967114329338074","0.9967114329338074","0.9967114329338074"
"369","0.9968956112861633","0.9968956112861633","0.9968956112861633"
"371","0.996383547782898","0.996383547782898","0.996383547782898"
"373","0.9968138337135315","0.9968138337135315","0.9968138337135315"
"375","0.9964814186096191","0.9964814186096191","0.9964814186096191"
"377","0.9965514540672302","0.9965514540672302","0.9965514540672302"
"379","0.9963803887367249","0.9963803887367249","0.9963803887367249"
"381","0.996496856212616","0.996496856212616","0.996496856212616"
"385","0.996574342250824","0.996574342250824","0.996574342250824"
"387","0.9963656663894653","0.9963656663894653","0.9963656663894653"
"389","0.9964639544487","0.9964639544487","0.9964639544487"
"391","0.9956656098365784","0.9956656098365784","0.9956656098365784"
"393","0.9963990449905396","0.9963990449905396","0.9963990449905396"
"395","0.9963723421096802","0.9963723421096802","0.9963723421096802"
"397","0.9964030981063843","0.9964030981063843","0.9964030981063843"
"401","0.9963607788085938","0.9963607788085938","0.9963607788085938"
"403","0.9961967468261719","0.9961967468261719","0.9961967468261719"
"405","0.9961380958557129","0.9961380958557129","0.9961380958557129"
"407","0.9959940910339355","0.9959940910339355","0.9959940910339355"
"409","0.9963369965553284","0.9963369965553284","0.9963369965553284"
"411","0.9960973262786865","0.9960973262786865","0.9960973262786865"
"413","0.9956968426704407","0.9956968426704407","0.9956968426704407"
"417","0.9957569241523743","0.9957569241523743","0.9957569241523743"
"419","0.9957799315452576","0.9957799315452576","0.9957799315452576"
"421","0.9957162141799927","0.9957162141799927","0.9957162141799927"
"423","0.9957807064056396","0.9957807064056396","0.9957807064056396"
"425","0.9957637190818787","0.9957637190818787","0.9957637190818787"
"427","0.9954053163528442","0.9954053163528442","0.9954053163528442"
"429","0.995558500289917","0.995558500289917","0.995558500289917"
"433","0.995754599571228","0.995754599571228","0.995754599571228"
"435","0.9953555464744568","0.9953555464744568","0.9953555464744568"
"437","0.995402991771698","0.995402991771698","0.995402991771698"
"439","0.9948282837867737","0.9948282837867737","0.9948282837867737"
"441","0.995728075504303","0.995728075504303","0.995728075504303"
"443","0.9948871731758118","0.9948871731758118","0.9948871731758118"
"445","0.9952139854431152","0.9952139854431152","0.9952139854431152"
"449","0.9957050681114197","0.9957050681114197","0.9957050681114197"
"451","0.9945350885391235","0.9945350885391235","0.9945350885391235"
"453","0.9949939846992493","0.9949939846992493","0.9949939846992493"
"455","0.9942765831947327","0.9942765831947327","0.9942765831947327"
"457","0.9949150681495667","0.9949150681495667","0.9949150681495667"
"459","0.9947137236595154","0.9947137236595154","0.9947137236595154"
"461","0.9952658414840698","0.9952658414840698","0.9952658414840698"
"465","0.9943602085113525","0.9943602085113525","0.9943602085113525"
"467","0.9947716593742371","0.9947716593742371","0.9947716593742371"
"469","0.994968831539154","0.994968831539154","0.994968831539154"
"471","0.9945327639579773","0.9945327639579773","0.9945327639579773"
"473","0.9943265914916992","0.9943265914916992","0.9943265914916992"
"475","0.9939739108085632","0.9939739108085632","0.9939739108085632"
"477","0.9946441650390625","0.9946441650390625","0.9946441650390625"
"481","0.9942987561225891","0.9942987561225891","0.9942987561225891"
"483","0.9935665130615234","0.9935665130615234","0.9935665130615234"
"485","0.994376003742218","0.994376003742218","0.994376003742218"
"487","0.9939664006233215","0.9939664006233215","0.9939664006233215"
"489","0.9944072365760803","0.9944072365760803","0.9944072365760803"
"491","0.9940526485443115","0.9940526485443115","0.9940526485443115"
"493","0.9943941831588745","0.9943941831588745","0.9943941831588745"
"497","0.9942827820777893","0.9942827820777893","0.9942827820777893"
"499","0.9934995770454407","0.9934995770454407","0.9934995770454407"
"501","0.9935110211372375","0.9935110211372375","0.9935110211372375"
"503","0.9933373332023621","0.9933373332023621","0.9933373332023621"
"505","0.9934202432632446","0.9934202432632446","0.9934202432632446"
"507","0.9931910037994385","0.9931910037994385","0.9931910037994385"
"509","0.9938226342201233","0.9938226342201233","0.9938226342201233"
"513","0.9934630990028381","0.9934630990028381","0.9934630990028381"
"515","0.9928011298179626","0.9928011298179626","0.9928011298179626"
"517","0.9937901496887207","0.9937901496887207","0.9937901496887207"
"519","0.9925327301025391","0.9925327301025391","0.9925327301025391"
"521","0.9935372471809387","0.9935372471809387","0.9935372471809387"
"523","0.993127167224884","0.993127167224884","0.993127167224884"
"525","0.9936115741729736","0.9936115741729736","0.9936115741729736"
"529","0.9933599829673767","0.9933599829673767","0.9933599829673767"
"531","0.992475152015686","0.992475152015686","0.992475152015686"
"533","0.9932737350463867","0.9932737350463867","0.9932737350463867"
"535","0.9924648404121399","0.9924648404121399","0.9924648404121399"
"537","0.993118166923523","0.993118166923523","0.993118166923523"
"539","0.9925268888473511","0.9925268888473511","0.9925268888473511"
"541","0.9924772381782532","0.9924772381782532","0.9924772381782532"
"545","0.9924191832542419","0.9924191832542419","0.9924191832542419"
"547","0.9924402236938477","0.9924402236938477","0.9924402236938477"
"549","0.9928973913192749","0.9928973913192749","0.9928973913192749"
"551","0.9919803142547607","0.9919803142547607","0.9919803142547607"
"553","0.9926427602767944","0.9926427602767944","0.9926427602767944"
"555","0.9923604130744934","0.9923604130744934","0.9923604130744934"
"557","0.9924394488334656","0.9924394488334656","0.9924394488334656"
"561","0.992317259311676","0.992317259311676","0.992317259311676"
"563","0.9919732213020325","0.9919732213020325","0.9919732213020325"
"565","0.9927189350128174","0.9927189350128174","0.9927189350128174"
"567","0.9914870858192444","0.9914870858192444","0.9914870858192444"
"569","0.9923407435417175","0.9923407435417175","0.9923407435417175"
"571","0.991382360458374","0.991382360458374","0.991382360458374"
"573","0.992015540599823","0.992015540599823","0.992015540599823"
"577","0.9915547370910645","0.9915547370910645","0.9915547370910645"
"579","0.9909175634384155","0.9909175634384155","0.9909175634384155"
"581","0.9917892217636108","0.9917892217636108","0.9917892217636108"
"583","0.9909986257553101","0.9909986257553101","0.9909986257553101"
"585","0.9917662739753723","0.9917662739753723","0.9917662739753723"
"587","0.9910393953323364","0.9910393953323364","0.9910393953323364"
"589","0.9914923310279846","0.9914923310279846","0.9914923310279846"
"593","0.9906702637672424","0.9906702637672424","0.9906702637672424"
"595","0.9911507368087769","0.9911507368087769","0.9911507368087769"
"597","0.9905768632888794","0.9905768632888794","0.9905768632888794"
"599","0.9905018210411072","0.9905018210411072","0.9905018210411072"
"601","0.9911682605743408","0.9911682605743408","0.9911682605743408"
"603","0.9900338649749756","0.9900338649749756","0.9900338649749756"
"605","0.99052494764328","0.99052494764328","0.99052494764328"
"609","0.9908292293548584","0.9908292293548584","0.9908292293548584"
"611","0.9898302555084229","0.9898302555084229","0.9898302555084229"
"613","0.9909296631813049","0.9909296631813049","0.9909296631813049"
"615","0.9898276329040527","0.9898276329040527","0.9898276329040527"
"617","0.9900453686714172","0.9900453686714172","0.9900453686714172"
"619","0.989529550075531","0.989529550075531","0.989529550075531"
"621","0.9903594851493835","0.9903594851493835","0.9903594851493835"
"625","0.9893307685852051","0.9893307685852051","0.9893307685852051"
"627","0.9897039532661438","0.9897039532661438","0.9897039532661438"
"629","0.9902398586273193","0.9902398586273193","0.9902398586273193"
"631","0.9897165298461914","0.9897165298461914","0.9897165298461914"
"633","0.9899958372116089","0.9899958372116089","0.9899958372116089"
"635","0.9895393252372742","0.9895393252372742","0.9895393252372742"
"637","0.9898502230644226","0.9898502230644226","0.9898502230644226"
"641","0.9895274639129639","0.9895274639129639","0.9895274639129639"
"643","0.9890920519828796","0.9890920519828796","0.9890920519828796"
"645","0.9894663095474243","0.9894663095474243","0.9894663095474243"
"647","0.9879940152168274","0.9879940152168274","0.9879940152168274"
"649","0.9889399409294128","0.9889399409294128","0.9889399409294128"
"651","0.9881249070167542","0.9881249070167542","0.9881249070167542"
"653","0.9896110892295837","0.9896110892295837","0.9896110892295837"
"657","0.9887791275978088","0.9887791275978088","0.9887791275978088"
"659","0.9881954789161682","0.9881954789161682","0.9881954789161682"
"661","0.9885086417198181","0.9885086417198181","0.9885086417198181"
"663","0.987541913986206","0.987541913986206","0.987541913986206"
"665","0.9890629649162292","0.9890629649162292","0.9890629649162292"
"667","0.9882844090461731","0.9882844090461731","0.9882844090461731"
"669","0.9887443780899048","0.9887443780899048","0.9887443780899048"
"673","0.987924337387085","0.987924337387085","0.987924337387085"
"675","0.9859224557876587","0.9859224557876587","0.9859224557876587"
"677","0.9882075786590576","0.9882075786590576","0.9882075786590576"
"679","0.9871745109558105","0.9871745109558105","0.9871745109558105"
"681","0.9881004691123962","0.9881004691123962","0.9881004691123962"
"683","0.9880995750427246","0.9880995750427246","0.9880995750427246"
"685","0.9881410002708435","0.9881410002708435","0.9881410002708435"
"689","0.9874987602233887","0.9874987602233887","0.9874987602233887"
"691","0.9874086976051331","0.9874086976051331","0.9874086976051331"
"693","0.9873954653739929","0.9873954653739929","0.9873954653739929"
"695","0.9865526556968689","0.9865526556968689","0.9865526556968689"
"697","0.9881356358528137","0.9881356358528137","0.9881356358528137"
"699","0.9860966205596924","0.9860966205596924","0.9860966205596924"
"701","0.9878261685371399","0.9878261685371399","0.9878261685371399"
"705","0.9872916340827942","0.9872916340827942","0.9872916340827942"
"707","0.9861523509025574","0.9861523509025574","0.9861523509025574"
"709","0.9876269102096558","0.9876269102096558","0.9876269102096558"
"711","0.9862194061279297","0.9862194061279297","0.9862194061279297"
"713","0.987335741519928","0.987335741519928","0.987335741519928"
"715","0.9863592982292175","0.9863592982292175","0.9863592982292175"
"717","0.987054705619812","0.987054705619812","0.987054705619812"
"721","0.986758291721344","0.986758291721344","0.986758291721344"
"723","0.984489381313324","0.984489381313324","0.984489381313324"
"725","0.9856297969818115","0.9856297969818115","0.9856297969818115"
"727","0.985600471496582","0.985600471496582","0.985600471496582"
"729","0.9856691360473633","0.9856691360473633","0.9856691360473633"
"731","0.9858613014221191","0.9858613014221191","0.9858613014221191"
"733","0.985694408416748","0.985694408416748","0.985694408416748"
"737","0.9861650466918945","0.9861650466918945","0.9861650466918945"
"739","0.9855909943580627","0.9855909943580627","0.9855909943580627"
"741","0.9861962199211121","0.9861962199211121","0.9861962199211121"
"743","0.9850655198097229","0.9850655198097229","0.9850655198097229"
"745","0.9851380586624146","0.9851380586624146","0.9851380586624146"
"747","0.9850121140480042","0.9850121140480042","0.9850121140480042"
"749","0.9852865934371948","0.9852865934371948","0.9852865934371948"
"753","0.9838612079620361","0.9838612079620361","0.9838612079620361"
"755","0.9842755198478699","0.9842755198478699","0.9842755198478699"
"757","0.9843440651893616","0.9843440651893616","0.9843440651893616"
"759","0.9838579893112183","0.9838579893112183","0.9838579893112183"
"761","0.9844366312026978","0.9844366312026978","0.9844366312026978"
"763","0.9839923977851868","0.9839923977851868","0.9839923977851868"
"765","0.9855762720108032","0.9855762720108032","0.9855762720108032"
"769","0.9840678572654724","0.9840678572654724","0.9840678572654724"
"771","0.9836114048957825","0.9836114048957825","0.9836114048957825"
"773","0.9845452904701233","0.9845452904701233","0.9845452904701233"
"775","0.9826286435127258","0.9826286435127258","0.9826286435127258"
"777","0.9833106994628906","0.9833106994628906","0.9833106994628906"
"779","0.9827789664268494","0.9827789664268494","0.9827789664268494"
"781","0.9841201901435852","0.9841201901435852","0.9841201901435852"
"785","0.9835304021835327","0.9835304021835327","0.9835304021835327"
"787","0.9834188222885132","0.9834188222885132","0.9834188222885132"
"789","0.9827545881271362","0.9827545881271362","0.9827545881271362"
"791","0.981891930103302","0.981891930103302","0.981891930103302"
"793","0.9824377298355103","0.9824377298355103","0.9824377298355103"
"795","0.9810529947280884","0.9810529947280884","0.9810529947280884"
"797","0.983309268951416","0.983309268951416","0.983309268951416"
"801","0.9834225177764893","0.9834225177764893","0.9834225177764893"
"803","0.9822390079498291","0.9822390079498291","0.9822390079498291"
"805","0.9835377335548401","0.9835377335548401","0.9835377335548401"
"807","0.9811253547668457","0.9811253547668457","0.9811253547668457"
"809","0.9821299910545349","0.9821299910545349","0.9821299910545349"
"811","0.9818910360336304","0.9818910360336304","0.9818910360336304"
"813","0.9818576574325562","0.9818576574325562","0.9818576574325562"
"817","0.9820684194564819","0.9820684194564819","0.9820684194564819"
"819","0.9810249209403992","0.9810249209403992","0.9810249209403992"
"821","0.9821444749832153","0.9821444749832153","0.9821444749832153"
"823","0.9806959629058838","0.9806959629058838","0.9806959629058838"
"825","0.982343852519989","0.982343852519989","0.982343852519989"
"827","0.9818499088287354","0.9818499088287354","0.9818499088287354"
"829","0.9811528921127319","0.9811528921127319","0.9811528921127319"
"833","0.9801970720291138","0.9801970720291138","0.9801970720291138"
"835","0.9797840714454651","0.9797840714454651","0.9797840714454651"
"837","0.9810962677001953","0.9810962677001953","0.9810962677001953"
"839","0.978908896446228","0.978908896446228","0.978908896446228"
"841","0.9808999300003052","0.9808999300003052","0.9808999300003052"
"843","0.9800508618354797","0.9800508618354797","0.9800508618354797"
"845","0.9812201261520386","0.9812201261520386","0.9812201261520386"
"849","0.979827880859375","0.979827880859375","0.979827880859375"
"851","0.9800556898117065","0.9800556898117065","0.9800556898117065"
"853","0.9806514382362366","0.9806514382362366","0.9806514382362366"
"855","0.9796106815338135","0.9796106815338135","0.9796106815338135"
"857","0.9806565046310425","0.9806565046310425","0.9806565046310425"
"859","0.977660596370697","0.977660596370697","0.977660596370697"
"861","0.9804235100746155","0.9804235100746155","0.9804235100746155"
"865","0.9797161817550659","0.9797161817550659","0.9797161817550659"
"867","0.9777973890304565","0.9777973890304565","0.9777973890304565"
"869","0.9782707691192627","0.9782707691192627","0.9782707691192627"
"871","0.9783920049667358","0.9783920049667358","0.9783920049667358"
"873","0.9786148071289062","0.9786148071289062","0.9786148071289062"
"875","0.9777447581291199","0.9777447581291199","0.9777447581291199"
"877","0.978305459022522","0.978305459022522","0.978305459022522"
"881","0.9786586165428162","0.9786586165428162","0.9786586165428162"
"883","0.9774100184440613","0.9774100184440613","0.9774100184440613"
"885","0.9779396057128906","0.9779396057128906","0.9779396057128906"
"887","0.9757653474807739","0.9757653474807739","0.9757653474807739"
"889","0.9791150689125061","0.9791150689125061","0.9791150689125061"
"891","0.9763323068618774","0.9763323068618774","0.9763323068618774"
"893","0.9787610769271851","0.9787610769271851","0.9787610769271851"
"897","0.978547215461731","0.978547215461731","0.978547215461731"
"899","0.976510226726532","0.976510226726532","0.976510226726532"
"901","0.9772918820381165","0.9772918820381165","0.9772918820381165"
"903","0.9754416346549988","0.9754416346549988","0.9754416346549988"
"905","0.977219820022583","0.977219820022583","0.977219820022583"
"907","0.9761381149291992","0.9761381149291992","0.9761381149291992"
"909","0.9776788353919983","0.9776788353919983","0.9776788353919983"
"913","0.9773812294006348","0.9773812294006348","0.9773812294006348"
"915","0.9762846827507019","0.9762846827507019","0.9762846827507019"
"917","0.977496325969696","0.977496325969696","0.977496325969696"
"919","0.9746583104133606","0.9746583104133606","0.9746583104133606"
"921","0.9764697551727295","0.9764697551727295","0.9764697551727295"
"923","0.9745312929153442","0.9745312929153442","0.9745312929153442"
"925","0.9748335480690002","0.9748335480690002","0.9748335480690002"
"929","0.9757933616638184","0.9757933616638184","0.9757933616638184"
"931","0.9740237593650818","0.9740237593650818","0.9740237593650818"
"933","0.9753885269165039","0.9753885269165039","0.9753885269165039"
"935","0.9749189019203186","0.9749189019203186","0.9749189019203186"
"937","0.9764416813850403","0.9764416813850403","0.9764416813850403"
"939","0.9737786650657654","0.9737786650657654","0.9737786650657654"
"941","0.9730287790298462","0.9730287790298462","0.9730287790298462"
"945","0.9749959111213684","0.9749959111213684","0.9749959111213684"
"947","0.9720416069030762","0.9720416069030762","0.9720416069030762"
"949","0.9745690226554871","0.9745690226554871","0.9745690226554871"
"951","0.9727051854133606","0.9727051854133606","0.9727051854133606"
"953","0.9737343192100525","0.9737343192100525","0.9737343192100525"
"955","0.9713300466537476","0.9713300466537476","0.9713300466537476"
"957","0.9743492603302002","0.9743492603302002","0.9743492603302002"
"961","0.9731276631355286","0.9731276631355286","0.9731276631355286"
"963","0.9740675687789917","0.9740675687789917","0.9740675687789917"
"965","0.973807156085968","0.973807156085968","0.973807156085968"
"967","0.9726005792617798","0.9726005792617798","0.9726005792617798"
"969","0.973369300365448","0.973369300365448","0.973369300365448"
"971","0.9712842106819153","0.9712842106819153","0.9712842106819153"
"973","0.9730210900306702","0.9730210900306702","0.9730210900306702"
"977","0.9715666174888611","0.9715666174888611","0.9715666174888611"
"979","0.9724180698394775","0.9724180698394775","0.9724180698394775"
"981","0.9731078743934631","0.9731078743934631","0.9731078743934631"
"983","0.9704464673995972","0.9704464673995972","0.9704464673995972"
"985","0.9705225229263306","0.9705225229263306","0.9705225229263306"
"987","0.9694536924362183","0.9694536924362183","0.9694536924362183"
"989","0.9722144603729248","0.9722144603729248","0.9722144603729248"
"993","0.9715095162391663","0.9715095162391663","0.9715095162391663"
"995","0.9703148603439331","0.9703148603439331","0.9703148603439331"
"997","0.9729825854301453","0.9729825854301453","0.9729825854301453"
"999","0.9712958335876465","0.9712958335876465","0.9712958335876465"
"1001","0.9715632200241089","0.9715632200241089","0.9715632200241089"
"1003","0.9703859686851501","0.9703859686851501","0.9703859686851501"
"1005","0.9709876775741577","0.9709876775741577","0.9709876775741577"
"1009","0.9706589579582214","0.9706589579582214","0.9706589579582214"
"1011","0.9682981371879578","0.9682981371879578","0.9682981371879578"
"1013","0.970362663269043","0.970362663269043","0.970362663269043"
"1015","0.9699469208717346","0.9699469208717346","0.9699469208717346"
"1017","0.9699695706367493","0.9699695706367493","0.9699695706367493"
"1019","0.967315673828125","0.967315673828125","0.967315673828125"
"1021","0.9713758826255798","0.9713758826255798","0.9713758826255798"
"1025","0.9699957370758057","0.9699957370758057","0.9699957370758057"
"1027","0.9683157801628113","0.9683157801628113","0.9683157801628113"
"1029","0.9689902067184448","0.9689902067184448","0.9689902067184448"
"1031","0.9664938449859619","0.9664938449859619","0.9664938449859619"
"1033","0.9688101410865784","0.9688101410865784","0.9688101410865784"
"1035","0.9662593007087708","0.9662593007087708","0.9662593007087708"
"1037","0.9704155921936035","0.9704155921936035","0.9704155921936035"
"1041","0.9690866470336914","0.9690866470336914","0.9690866470336914"
"1043","0.967409074306488","0.967409074306488","0.967409074306488"
"1045","0.969501256942749","0.969501256942749","0.969501256942749"
"1047","0.9663582444190979","0.9663582444190979","0.9663582444190979"
"1049","0.9667696356773376","0.9667696356773376","0.9667696356773376"
"1051","0.9668564200401306","0.9668564200401306","0.9668564200401306"
"1053","0.9685927629470825","0.9685927629470825","0.9685927629470825"
"1057","0.9658212661743164","0.9658212661743164","0.9658212661743164"
"1059","0.9678462147712708","0.9678462147712708","0.9678462147712708"
"1061","0.9684805870056152","0.9684805870056152","0.9684805870056152"
"1063","0.9661482572555542","0.9661482572555542","0.9661482572555542"
"1065","0.9687625765800476","0.9687625765800476","0.9687625765800476"
"1067","0.965168297290802","0.965168297290802","0.965168297290802"
"1069","0.9650997519493103","0.9650997519493103","0.9650997519493103"
"1073","0.9657467007637024","0.9657467007637024","0.9657467007637024"
"1075","0.9630200266838074","0.9630200266838074","0.9630200266838074"
"1077","0.9663713574409485","0.9663713574409485","0.9663713574409485"
"1079","0.9639483094215393","0.9639483094215393","0.9639483094215393"
"1081","0.9654231667518616","0.9654231667518616","0.9654231667518616"
"1083","0.9639362692832947","0.9639362692832947","0.9639362692832947"
"1085","0.965408980846405","0.965408980846405","0.965408980846405"
"1089","0.9634808301925659","0.9634808301925659","0.9634808301925659"
"1091","0.9633140563964844","0.9633140563964844","0.9633140563964844"
"1093","0.9630855917930603","0.9630855917930603","0.9630855917930603"
"1095","0.9618924856185913","0.9618924856185913","0.9618924856185913"
"1097","0.9655411243438721","0.9655411243438721","0.9655411243438721"
"1099","0.9630061984062195","0.9630061984062195","0.9630061984062195"
"1101","0.9663063883781433","0.9663063883781433","0.9663063883781433"
"1105","0.964858889579773","0.964858889579773","0.964858889579773"
"1107","0.9610009789466858","0.9610009789466858","0.9610009789466858"
"1109","0.9640633463859558","0.9640633463859558","0.9640633463859558"
"1111","0.9617568254470825","0.9617568254470825","0.9617568254470825"
"1113","0.9622278213500977","0.9622278213500977","0.9622278213500977"
"1115","0.9614294171333313","0.9614294171333313","0.9614294171333313"
"1117","0.9633647799491882","0.9633647799491882","0.9633647799491882"
"1121","0.962643027305603","0.962643027305603","0.962643027305603"
"1123","0.96140456199646","0.96140456199646","0.96140456199646"
"1125","0.9577776193618774","0.9577776193618774","0.9577776193618774"
"1127","0.9621538519859314","0.9621538519859314","0.9621538519859314"
"1129","0.9633505344390869","0.9633505344390869","0.9633505344390869"
"1131","0.9599844217300415","0.9599844217300415","0.9599844217300415"
"1133","0.9620273113250732","0.9620273113250732","0.9620273113250732"
"1137","0.9573773145675659","0.9573773145675659","0.9573773145675659"
"1139","0.9611006379127502","0.9611006379127502","0.9611006379127502"
"1141","0.9589723944664001","0.9589723944664001","0.9589723944664001"
"1143","0.9586167931556702","0.9586167931556702","0.9586167931556702"
"1145","0.9624351263046265","0.9624351263046265","0.9624351263046265"
"1147","0.9593328237533569","0.9593328237533569","0.9593328237533569"
"1149","0.9616950154304504","0.9616950154304504","0.9616950154304504"
"1153","0.9622538685798645","0.9622538685798645","0.9622538685798645"
"1155","0.9593043923377991","0.9593043923377991","0.9593043923377991"
"1157","0.9594383835792542","0.9594383835792542","0.9594383835792542"
"1159","0.9592305421829224","0.9592305421829224","0.9592305421829224"
"1161","0.9614169001579285","0.9614169001579285","0.9614169001579285"
"1163","0.9582372307777405","0.9582372307777405","0.9582372307777405"
"1165","0.9577779769897461","0.9577779769897461","0.9577779769897461"
"1169","0.9601871967315674","0.9601871967315674","0.9601871967315674"
"1171","0.958000898361206","0.958000898361206","0.958000898361206"
"1173","0.9592234492301941","0.9592234492301941","0.9592234492301941"
"1175","0.9556631445884705","0.9556631445884705","0.9556631445884705"
"1177","0.95972740650177","0.95972740650177","0.95972740650177"
"1179","0.9580514430999756","0.9580514430999756","0.9580514430999756"
"1181","0.9584477543830872","0.9584477543830872","0.9584477543830872"
"1185","0.9589233994483948","0.9589233994483948","0.9589233994483948"
"1187","0.9567964673042297","0.9567964673042297","0.9567964673042297"
"1189","0.9587396383285522","0.9587396383285522","0.9587396383285522"
"1191","0.954046905040741","0.954046905040741","0.954046905040741"
"1193","0.9583438634872437","0.9583438634872437","0.9583438634872437"
"1195","0.9548429846763611","0.9548429846763611","0.9548429846763611"
"1197","0.9576315879821777","0.9576315879821777","0.9576315879821777"
"1201","0.9568725824356079","0.9568725824356079","0.9568725824356079"
"1203","0.951676607131958","0.951676607131958","0.951676607131958"
"1205","0.9568830728530884","0.9568830728530884","0.9568830728530884"
"1207","0.9547629356384277","0.9547629356384277","0.9547629356384277"
"1209","0.9577704071998596","0.9577704071998596","0.9577704071998596"
"1211","0.9557677507400513","0.9557677507400513","0.9557677507400513"
"1213","0.9553990960121155","0.9553990960121155","0.9553990960121155"
"1217","0.9565495848655701","0.9565495848655701","0.9565495848655701"
"1219","0.9520304203033447","0.9520304203033447","0.9520304203033447"
"1221","0.9553775787353516","0.9553775787353516","0.9553775787353516"
"1223","0.9507226347923279","0.9507226347923279","0.9507226347923279"
"1225","0.952964186668396","0.952964186668396","0.952964186668396"
"1227","0.9503949284553528","0.9503949284553528","0.9503949284553528"
"1229","0.9525634050369263","0.9525634050369263","0.9525634050369263"
"1233","0.9529721140861511","0.9529721140861511","0.9529721140861511"
"1235","0.9547503590583801","0.9547503590583801","0.9547503590583801"
"1237","0.9522852301597595","0.9522852301597595","0.9522852301597595"
"1239","0.950413703918457","0.950413703918457","0.950413703918457"
"1241","0.9518056511878967","0.9518056511878967","0.9518056511878967"
"1243","0.9512875080108643","0.9512875080108643","0.9512875080108643"
"1245","0.9530858397483826","0.9530858397483826","0.9530858397483826"
"1249","0.9505247473716736","0.9505247473716736","0.9505247473716736"
"1251","0.9498584270477295","0.9498584270477295","0.9498584270477295"
"1253","0.9526655077934265","0.9526655077934265","0.9526655077934265"
"1255","0.9493909478187561","0.9493909478187561","0.9493909478187561"
"1257","0.9533352851867676","0.9533352851867676","0.9533352851867676"
"1259","0.9511384963989258","0.9511384963989258","0.9511384963989258"
"1261","0.951053261756897","0.951053261756897","0.951053261756897"
"1265","0.9528831839561462","0.9528831839561462","0.9528831839561462"
"1267","0.9491611123085022","0.9491611123085022","0.9491611123085022"
"1269","0.9526079893112183","0.9526079893112183","0.9526079893112183"
"1271","0.9506482481956482","0.9506482481956482","0.9506482481956482"
"1273","0.9525818228721619","0.9525818228721619","0.9525818228721619"
"1275","0.9473884105682373","0.9473884105682373","0.9473884105682373"
"1277","0.9491573572158813","0.9491573572158813","0.9491573572158813"
"1281","0.9489248991012573","0.9489248991012573","0.9489248991012573"
"1283","0.9462700486183167","0.9462700486183167","0.9462700486183167"
"1285","0.9481926560401917","0.9481926560401917","0.9481926560401917"
"1287","0.9455448389053345","0.9455448389053345","0.9455448389053345"
"1289","0.9494696259498596","0.9494696259498596","0.9494696259498596"
"1291","0.9493427872657776","0.9493427872657776","0.9493427872657776"
"1293","0.9509338736534119","0.9509338736534119","0.9509338736534119"
"1297","0.9457861185073853","0.9457861185073853","0.9457861185073853"
"1299","0.9484446048736572","0.9484446048736572","0.9484446048736572"
"1301","0.9461528658866882","0.9461528658866882","0.9461528658866882"
"1303","0.9449611306190491","0.9449611306190491","0.9449611306190491"
"1305","0.9470794796943665","0.9470794796943665","0.9470794796943665"
"1307","0.9425151348114014","0.9425151348114014","0.9425151348114014"
"1309","0.9436832666397095","0.9436832666397095","0.9436832666397095"
"1313","0.9471387267112732","0.9471387267112732","0.9471387267112732"
"1315","0.9433167576789856","0.9433167576789856","0.9433167576789856"
"1317","0.9466291069984436","0.9466291069984436","0.9466291069984436"
"1319","0.9423247575759888","0.9423247575759888","0.9423247575759888"
"1321","0.9452993273735046","0.9452993273735046","0.9452993273735046"
"1323","0.9438603520393372","0.9438603520393372","0.9438603520393372"
"1325","0.9462752342224121","0.9462752342224121","0.9462752342224121"
"1329","0.9443686008453369","0.9443686008453369","0.9443686008453369"
"1331","0.9441571235656738","0.9441571235656738","0.9441571235656738"
"1333","0.9460873007774353","0.9460873007774353","0.9460873007774353"
"1335","0.9413875341415405","0.9413875341415405","0.9413875341415405"
"1337","0.9457930326461792","0.9457930326461792","0.9457930326461792"
"1339","0.9394917488098145","0.9394917488098145","0.9394917488098145"
"1341","0.9418861865997314","0.9418861865997314","0.9418861865997314"
"1345","0.9420289993286133","0.9420289993286133","0.9420289993286133"
"1347","0.9412024617195129","0.9412024617195129","0.9412024617195129"
"1349","0.9445410966873169","0.9445410966873169","0.9445410966873169"
"1351","0.9416293501853943","0.9416293501853943","0.9416293501853943"
"1353","0.9421531558036804","0.9421531558036804","0.9421531558036804"
"1355","0.9419390559196472","0.9419390559196472","0.9419390559196472"
"1357","0.9391258955001831","0.9391258955001831","0.9391258955001831"
"1361","0.9435513615608215","0.9435513615608215","0.9435513615608215"
"1363","0.9401082992553711","0.9401082992553711","0.9401082992553711"
"1365","0.9415311813354492","0.9415311813354492","0.9415311813354492"
"1367","0.9396913051605225","0.9396913051605225","0.9396913051605225"
"1369","0.9366867542266846","0.9366867542266846","0.9366867542266846"
"1371","0.9408215880393982","0.9408215880393982","0.9408215880393982"
"1373","0.9414381980895996","0.9414381980895996","0.9414381980895996"
"1377","0.9411057829856873","0.9411057829856873","0.9411057829856873"
"1379","0.9383788704872131","0.9383788704872131","0.9383788704872131"
"1381","0.9353601336479187","0.9353601336479187","0.9353601336479187"
"1383","0.9379022717475891","0.9379022717475891","0.9379022717475891"
"1385","0.9412543773651123","0.9412543773651123","0.9412543773651123"
"1387","0.9358278512954712","0.9358278512954712","0.9358278512954712"
"1389","0.9393702149391174","0.9393702149391174","0.9393702149391174"
"1393","0.9393966197967529","0.9393966197967529","0.9393966197967529"
"1395","0.940618097782135","0.940618097782135","0.940618097782135"
"1397","0.9378809928894043","0.9378809928894043","0.9378809928894043"
"1399","0.9385892152786255","0.9385892152786255","0.9385892152786255"
"1401","0.9402742981910706","0.9402742981910706","0.9402742981910706"
"1403","0.933628261089325","0.933628261089325","0.933628261089325"
"1405","0.9392167925834656","0.9392167925834656","0.9392167925834656"
"1409","0.9359122514724731","0.9359122514724731","0.9359122514724731"
"1411","0.9321957230567932","0.9321957230567932","0.9321957230567932"
"1413","0.9370442032814026","0.9370442032814026","0.9370442032814026"
"1415","0.9345837235450745","0.9345837235450745","0.9345837235450745"
"1417","0.934501588344574","0.934501588344574","0.934501588344574"
"1419","0.9354223012924194","0.9354223012924194","0.9354223012924194"
"1421","0.9308356642723083","0.9308356642723083","0.9308356642723083"
"1425","0.9403133392333984","0.9403133392333984","0.9403133392333984"
"1427","0.9359639883041382","0.9359639883041382","0.9359639883041382"
"1429","0.9311829209327698","0.9311829209327698","0.9311829209327698"
"1431","0.9324795007705688","0.9324795007705688","0.9324795007705688"
"1433","0.934356689453125","0.934356689453125","0.934356689453125"
"1435","0.9309022426605225","0.9309022426605225","0.9309022426605225"
"1437","0.9367323517799377","0.9367323517799377","0.9367323517799377"
"1441","0.9338821768760681","0.9338821768760681","0.9338821768760681"
"1443","0.9289348125457764","0.9289348125457764","0.9289348125457764"
"1445","0.9315923452377319","0.9315923452377319","0.9315923452377319"
"1447","0.9311822652816772","0.9311822652816772","0.9311822652816772"
"1449","0.9341909885406494","0.9341909885406494","0.9341909885406494"
"1451","0.9290116429328918","0.9290116429328918","0.9290116429328918"
"1453","0.9310548305511475","0.9310548305511475","0.9310548305511475"
"1457","0.9318426251411438","0.9318426251411438","0.9318426251411438"
"1459","0.9257903099060059","0.9257903099060059","0.9257903099060059"
"1461","0.9334632754325867","0.9334632754325867","0.9334632754325867"
"1463","0.9272156953811646","0.9272156953811646","0.9272156953811646"
"1465","0.9337027668952942","0.9337027668952942","0.9337027668952942"
"1467","0.9305539727210999","0.9305539727210999","0.9305539727210999"
"1469","0.9308744668960571","0.9308744668960571","0.9308744668960571"
"1473","0.9298042058944702","0.9298042058944702","0.9298042058944702"
"1475","0.9289650917053223","0.9289650917053223","0.9289650917053223"
"1477","0.9260815382003784","0.9260815382003784","0.9260815382003784"
"1479","0.9269842505455017","0.9269842505455017","0.9269842505455017"
"1481","0.9306086897850037","0.9306086897850037","0.9306086897850037"
"1483","0.9262979626655579","0.9262979626655579","0.9262979626655579"
"1485","0.9283632040023804","0.9283632040023804","0.9283632040023804"
"1489","0.9312556385993958","0.9312556385993958","0.9312556385993958"
"1491","0.926873505115509","0.926873505115509","0.926873505115509"
"1493","0.9245913028717041","0.9245913028717041","0.9245913028717041"
"1495","0.9252201914787292","0.9252201914787292","0.9252201914787292"
"1497","0.9305334091186523","0.9305334091186523","0.9305334091186523"
"1499","0.922875702381134","0.922875702381134","0.922875702381134"
"1501","0.9285978078842163","0.9285978078842163","0.9285978078842163"
"1505","0.9320169687271118","0.9320169687271118","0.9320169687271118"
"1507","0.92819744348526","0.92819744348526","0.92819744348526"
"1509","0.928017795085907","0.928017795085907","0.928017795085907"
"1511","0.9245659112930298","0.9245659112930298","0.9245659112930298"
"1513","0.928486168384552","0.928486168384552","0.928486168384552"
"1515","0.9241911768913269","0.9241911768913269","0.9241911768913269"
"1517","0.9259420037269592","0.9259420037269592","0.9259420037269592"
"1521","0.9218797087669373","0.9218797087669373","0.9218797087669373"
"1523","0.9257174134254456","0.9257174134254456","0.9257174134254456"
"1525","0.9272654056549072","0.9272654056549072","0.9272654056549072"
"1527","0.9206245541572571","0.9206245541572571","0.9206245541572571"
"1529","0.9214106798171997","0.9214106798171997","0.9214106798171997"
"1531","0.9161335229873657","0.9161335229873657","0.9161335229873657"
"1533","0.924181342124939","0.924181342124939","0.924181342124939"
"1537","0.9248429536819458","0.9248429536819458","0.9248429536819458"
"1539","0.9197204113006592","0.9197204113006592","0.9197204113006592"
"1541","0.9173228740692139","0.9173228740692139","0.9173228740692139"
"1543","0.921965479850769","0.921965479850769","0.921965479850769"
"1545","0.9244192242622375","0.9244192242622375","0.9244192242622375"
"1547","0.9191466569900513","0.9191466569900513","0.9191466569900513"
"1549","0.9261050224304199","0.9261050224304199","0.9261050224304199"
"1553","0.9182685613632202","0.9182685613632202","0.9182685613632202"
"1555","0.9205020666122437","0.9205020666122437","0.9205020666122437"
"1557","0.9192004203796387","0.9192004203796387","0.9192004203796387"
"1559","0.9197325706481934","0.9197325706481934","0.9197325706481934"
"1561","0.9204973578453064","0.9204973578453064","0.9204973578453064"
"1563","0.9155740737915039","0.9155740737915039","0.9155740737915039"
"1565","0.9191800951957703","0.9191800951957703","0.9191800951957703"
"1569","0.917068362236023","0.917068362236023","0.917068362236023"
"1571","0.9169613122940063","0.9169613122940063","0.9169613122940063"
"1573","0.9190574884414673","0.9190574884414673","0.9190574884414673"
"1575","0.9131298065185547","0.9131298065185547","0.9131298065185547"
"1577","0.9193509221076965","0.9193509221076965","0.9193509221076965"
"1579","0.9193518161773682","0.9193518161773682","0.9193518161773682"
"1581","0.916493833065033","0.916493833065033","0.916493833065033"
"1585","0.9164366126060486","0.9164366126060486","0.9164366126060486"
"1587","0.9145334362983704","0.9145334362983704","0.9145334362983704"
"1589","0.9185657501220703","0.9185657501220703","0.9185657501220703"
"1591","0.9158083200454712","0.9158083200454712","0.9158083200454712"
"1593","0.9193091988563538","0.9193091988563538","0.9193091988563538"
"1595","0.9146658182144165","0.9146658182144165","0.9146658182144165"
"1597","0.9166866540908813","0.9166866540908813","0.9166866540908813"
"1601","0.9111375212669373","0.9111375212669373","0.9111375212669373"
"1603","0.9160128831863403","0.9160128831863403","0.9160128831863403"
"1605","0.9140498042106628","0.9140498042106628","0.9140498042106628"
"1607","0.9155899882316589","0.9155899882316589","0.9155899882316589"
"1609","0.9182527661323547","0.9182527661323547","0.9182527661323547"
"1611","0.9154044389724731","0.9154044389724731","0.9154044389724731"
"1613","0.9160465002059937","0.9160465002059937","0.9160465002059937"
"1617","0.9128717184066772","0.9128717184066772","0.9128717184066772"
"1619","0.9130162596702576","0.9130162596702576","0.9130162596702576"
"1621","0.9120774269104004","0.9120774269104004","0.9120774269104004"
"1623","0.9117870926856995","0.9117870926856995","0.9117870926856995"
"1625","0.9111194610595703","0.9111194610595703","0.9111194610595703"
"1627","0.9068087339401245","0.9068087339401245","0.9068087339401245"
"1629","0.9145599603652954","0.9145599603652954","0.9145599603652954"
"1633","0.9145870804786682","0.9145870804786682","0.9145870804786682"
"1635","0.9052056074142456","0.9052056074142456","0.9052056074142456"
"1637","0.9160065054893494","0.9160065054893494","0.9160065054893494"
"1639","0.9093483686447144","0.9093483686447144","0.9093483686447144"
"1641","0.912090539932251","0.912090539932251","0.912090539932251"
"1643","0.9065558910369873","0.9065558910369873","0.9065558910369873"
"1645","0.9088943600654602","0.9088943600654602","0.9088943600654602"
"1649","0.9056850671768188","0.9056850671768188","0.9056850671768188"
"1651","0.9031184315681458","0.9031184315681458","0.9031184315681458"
"1653","0.9093419313430786","0.9093419313430786","0.9093419313430786"
"1655","0.9084223508834839","0.9084223508834839","0.9084223508834839"
"1657","0.9109823107719421","0.9109823107719421","0.9109823107719421"
"1659","0.9114881753921509","0.9114881753921509","0.9114881753921509"
"1661","0.9078879356384277","0.9078879356384277","0.9078879356384277"
"1665","0.9058846235275269","0.9058846235275269","0.9058846235275269"
"1667","0.9065423011779785","0.9065423011779785","0.9065423011779785"
"1669","0.9041751027107239","0.9041751027107239","0.9041751027107239"
"1671","0.9041410684585571","0.9041410684585571","0.9041410684585571"
"1673","0.9026814699172974","0.9026814699172974","0.9026814699172974"
"1675","0.9001134037971497","0.9001134037971497","0.9001134037971497"
"1677","0.9077616930007935","0.9077616930007935","0.9077616930007935"
"1681","0.9033467769622803","0.9033467769622803","0.9033467769622803"
"1683","0.9052960276603699","0.9052960276603699","0.9052960276603699"
"1685","0.8975262641906738","0.8975262641906738","0.8975262641906738"
"1687","0.9001099467277527","0.9001099467277527","0.9001099467277527"
"1689","0.9065620303153992","0.9065620303153992","0.9065620303153992"
"1691","0.8983667492866516","0.8983667492866516","0.8983667492866516"
"1693","0.9062988758087158","0.9062988758087158","0.9062988758087158"
"1697","0.9047268033027649","0.9047268033027649","0.9047268033027649"
"1699","0.9077991247177124","0.9077991247177124","0.9077991247177124"
"1701","0.8999590873718262","0.8999590873718262","0.8999590873718262"
"1703","0.9002295732498169","0.9002295732498169","0.9002295732498169"
"1705","0.902978777885437","0.902978777885437","0.902978777885437"
"1707","0.9000338315963745","0.9000338315963745","0.9000338315963745"
"1709","0.8971499800682068","0.8971499800682068","0.8971499800682068"
"1713","0.9026442766189575","0.9026442766189575","0.9026442766189575"
"1715","0.8989095091819763","0.8989095091819763","0.8989095091819763"
"1717","0.9042337536811829","0.9042337536811829","0.9042337536811829"
"1719","0.8984971642494202","0.8984971642494202","0.8984971642494202"
"1721","0.8992762565612793","0.8992762565612793","0.8992762565612793"
"1723","0.899939239025116","0.899939239025116","0.899939239025116"
"1725","0.9000115990638733","0.9000115990638733","0.9000115990638733"
"1729","0.8992120623588562","0.8992120623588562","0.8992120623588562"
"1731","0.8948702812194824","0.8948702812194824","0.8948702812194824"
"1733","0.9006057977676392","0.9006057977676392","0.9006057977676392"
"1735","0.8940174579620361","0.8940174579620361","0.8940174579620361"
"1737","0.9014560580253601","0.9014560580253601","0.9014560580253601"
"1739","0.8965310454368591","0.8965310454368591","0.8965310454368591"
"1741","0.9013577699661255","0.9013577699661255","0.9013577699661255"
"1745","0.8987764120101929","0.8987764120101929","0.8987764120101929"
"1747","0.9004599452018738","0.9004599452018738","0.9004599452018738"
"1749","0.9015906453132629","0.9015906453132629","0.9015906453132629"
"1751","0.8950469493865967","0.8950469493865967","0.8950469493865967"
"1753","0.8948896527290344","0.8948896527290344","0.8948896527290344"
"1755","0.8947123885154724","0.8947123885154724","0.8947123885154724"
"1757","0.8948147892951965","0.8948147892951965","0.8948147892951965"
"1761","0.8942998051643372","0.8942998051643372","0.8942998051643372"
"1763","0.8953620195388794","0.8953620195388794","0.8953620195388794"
"1765","0.8992086052894592","0.8992086052894592","0.8992086052894592"
"1767","0.8939712643623352","0.8939712643623352","0.8939712643623352"
"1769","0.8942720293998718","0.8942720293998718","0.8942720293998718"
"1771","0.8906684517860413","0.8906684517860413","0.8906684517860413"
"1773","0.8880557417869568","0.8880557417869568","0.8880557417869568"
"1777","0.8963459134101868","0.8963459134101868","0.8963459134101868"
"1779","0.8889400959014893","0.8889400959014893","0.8889400959014893"
"1781","0.8919814229011536","0.8919814229011536","0.8919814229011536"
"1783","0.8878399133682251","0.8878399133682251","0.8878399133682251"
"1785","0.8930667638778687","0.8930667638778687","0.8930667638778687"
"1787","0.8915410041809082","0.8915410041809082","0.8915410041809082"
"1789","0.8888630867004395","0.8888630867004395","0.8888630867004395"
"1793","0.8925020098686218","0.8925020098686218","0.8925020098686218"
"1795","0.8864837288856506","0.8864837288856506","0.8864837288856506"
"1797","0.8928370475769043","0.8928370475769043","0.8928370475769043"
"1799","0.8827176690101624","0.8827176690101624","0.8827176690101624"
"1801","0.8940044641494751","0.8940044641494751","0.8940044641494751"
"1803","0.8843415379524231","0.8843415379524231","0.8843415379524231"
"1805","0.8865941166877747","0.8865941166877747","0.8865941166877747"
"1809","0.8837752342224121","0.8837752342224121","0.8837752342224121"
"1811","0.8861753940582275","0.8861753940582275","0.8861753940582275"
"1813","0.8868244886398315","0.8868244886398315","0.8868244886398315"
"1815","0.8826243281364441","0.8826243281364441","0.8826243281364441"
"1817","0.8895841240882874","0.8895841240882874","0.8895841240882874"
"1819","0.8812398910522461","0.8812398910522461","0.8812398910522461"
"1821","0.8866836428642273","0.8866836428642273","0.8866836428642273"
"1825","0.8892021179199219","0.8892021179199219","0.8892021179199219"
"1827","0.8816666603088379","0.8816666603088379","0.8816666603088379"
"1829","0.8876697421073914","0.8876697421073914","0.8876697421073914"
"1831","0.886265218257904","0.886265218257904","0.886265218257904"
"1833","0.8849990367889404","0.8849990367889404","0.8849990367889404"
"1835","0.8881447911262512","0.8881447911262512","0.8881447911262512"
"1837","0.8837311267852783","0.8837311267852783","0.8837311267852783"
"1841","0.8886982798576355","0.8886982798576355","0.8886982798576355"
"1843","0.8800397515296936","0.8800397515296936","0.8800397515296936"
"1845","0.8772255182266235","0.8772255182266235","0.8772255182266235"
"1847","0.883310854434967","0.883310854434967","0.883310854434967"
"1849","0.8917115330696106","0.8917115330696106","0.8917115330696106"
"1851","0.877378523349762","0.877378523349762","0.877378523349762"
"1853","0.8770657777786255","0.8770657777786255","0.8770657777786255"
"1857","0.8823426961898804","0.8823426961898804","0.8823426961898804"
"1859","0.88322913646698","0.88322913646698","0.88322913646698"
"1861","0.8859796524047852","0.8859796524047852","0.8859796524047852"
"1863","0.8792571425437927","0.8792571425437927","0.8792571425437927"
"1865","0.8835644721984863","0.8835644721984863","0.8835644721984863"
"1867","0.8834658265113831","0.8834658265113831","0.8834658265113831"
"1869","0.8823412656784058","0.8823412656784058","0.8823412656784058"
"1873","0.88236004114151","0.88236004114151","0.88236004114151"
"1875","0.8795320391654968","0.8795320391654968","0.8795320391654968"
"1877","0.8839328289031982","0.8839328289031982","0.8839328289031982"
"1879","0.8788990378379822","0.8788990378379822","0.8788990378379822"
"1881","0.8813774585723877","0.8813774585723877","0.8813774585723877"
"1883","0.8766971826553345","0.8766971826553345","0.8766971826553345"
"1885","0.8774550557136536","0.8774550557136536","0.8774550557136536"
"1889","0.8787736892700195","0.8787736892700195","0.8787736892700195"
"1891","0.8732936978340149","0.8732936978340149","0.8732936978340149"
"1893","0.8828827738761902","0.8828827738761902","0.8828827738761902"
"1895","0.8747187852859497","0.8747187852859497","0.8747187852859497"
"1897","0.8791177868843079","0.8791177868843079","0.8791177868843079"
"1899","0.8700900673866272","0.8700900673866272","0.8700900673866272"
"1901","0.8771036863327026","0.8771036863327026","0.8771036863327026"
"1905","0.8759698867797852","0.8759698867797852","0.8759698867797852"
"1907","0.8696137070655823","0.8696137070655823","0.8696137070655823"
"1909","0.8780868649482727","0.8780868649482727","0.8780868649482727"
"1911","0.8708090782165527","0.8708090782165527","0.8708090782165527"
"1913","0.8699570298194885","0.8699570298194885","0.8699570298194885"
"1915","0.8735162019729614","0.8735162019729614","0.8735162019729614"
"1917","0.8743127584457397","0.8743127584457397","0.8743127584457397"
"1921","0.8805481791496277","0.8805481791496277","0.8805481791496277"
"1923","0.877551794052124","0.877551794052124","0.877551794052124"
"1925","0.8723863959312439","0.8723863959312439","0.8723863959312439"
"1927","0.8702678084373474","0.8702678084373474","0.8702678084373474"
"1929","0.8767614960670471","0.8767614960670471","0.8767614960670471"
"1931","0.8691022992134094","0.8691022992134094","0.8691022992134094"
"1933","0.8738175630569458","0.8738175630569458","0.8738175630569458"
"1937","0.8713737726211548","0.8713737726211548","0.8713737726211548"
"1939","0.8738313317298889","0.8738313317298889","0.8738313317298889"
"1941","0.8676959872245789","0.8676959872245789","0.8676959872245789"
"1943","0.8688461184501648","0.8688461184501648","0.8688461184501648"
"1945","0.8768835663795471","0.8768835663795471","0.8768835663795471"
"1947","0.8699502348899841","0.8699502348899841","0.8699502348899841"
"1949","0.8598480224609375","0.8598480224609375","0.8598480224609375"
"1953","0.8711211681365967","0.8711211681365967","0.8711211681365967"
"1955","0.8688869476318359","0.8688869476318359","0.8688869476318359"
"1957","0.871157169342041","0.871157169342041","0.871157169342041"
"1959","0.8605311512947083","0.8605311512947083","0.8605311512947083"
"1961","0.8737567067146301","0.8737567067146301","0.8737567067146301"
"1963","0.8623319268226624","0.8623319268226624","0.8623319268226624"
"1965","0.8686934113502502","0.8686934113502502","0.8686934113502502"
"1969","0.8653566837310791","0.8653566837310791","0.8653566837310791"
"1971","0.8639445900917053","0.8639445900917053","0.8639445900917053"
"1973","0.8723532557487488","0.8723532557487488","0.8723532557487488"
"1975","0.8614967465400696","0.8614967465400696","0.8614967465400696"
"1977","0.8681209683418274","0.8681209683418274","0.8681209683418274"
"1979","0.8611308336257935","0.8611308336257935","0.8611308336257935"
"1981","0.8680602312088013","0.8680602312088013","0.8680602312088013"
"1985","0.8618521690368652","0.8618521690368652","0.8618521690368652"
"1987","0.8623192310333252","0.8623192310333252","0.8623192310333252"
"1989","0.8632839322090149","0.8632839322090149","0.8632839322090149"
"1991","0.864653468132019","0.864653468132019","0.864653468132019"
"1993","0.8653163313865662","0.8653163313865662","0.8653163313865662"
"1995","0.8633859753608704","0.8633859753608704","0.8633859753608704"
"1997","0.8615543842315674","0.8615543842315674","0.8615543842315674"
"2001","0.8534923195838928","0.8534923195838928","0.8534923195838928"
"2003","0.8488606810569763","0.8488606810569763","0.8488606810569763"
"2005","0.8614088892936707","0.8614088892936707","0.8614088892936707"
"2007","0.8546788096427917","0.8546788096427917","0.8546788096427917"
"2009","0.8638101816177368","0.8638101816177368","0.8638101816177368"
"2011","0.8561636209487915","0.8561636209487915","0.8561636209487915"
"2013","0.8621638417243958","0.8621638417243958","0.8621638417243958"
"2017","0.862375795841217","0.862375795841217","0.862375795841217"
"2019","0.8549347519874573","0.8549347519874573","0.8549347519874573"
"2021","0.8680516481399536","0.8680516481399536","0.8680516481399536"
"2023","0.8586391806602478","0.8586391806602478","0.8586391806602478"
"2025","0.8618600964546204","0.8618600964546204","0.8618600964546204"
"2027","0.8604496121406555","0.8604496121406555","0.8604496121406555"
"2029","0.8553835153579712","0.8553835153579712","0.8553835153579712"
"2033","0.8494454026222229","0.8494454026222229","0.8494454026222229"
"2035","0.8627249002456665","0.8627249002456665","0.8627249002456665"
"2037","0.8567071557044983","0.8567071557044983","0.8567071557044983"
"2039","0.8466280102729797","0.8466280102729797","0.8466280102729797"
"2041","0.8640077710151672","0.8640077710151672","0.8640077710151672"
"2043","0.855390191078186","0.855390191078186","0.855390191078186"
"2045","0.8631333112716675","0.8631333112716675","0.8631333112716675"
"2049","0.8565518856048584","0.8565518856048584","0.8565518856048584"
"2051","0.8530539274215698","0.8530539274215698","0.8530539274215698"
"2053","0.8589516282081604","0.8589516282081604","0.8589516282081604"
"2055","0.8521080017089844","0.8521080017089844","0.8521080017089844"
"2057","0.8611065745353699","0.8611065745353699","0.8611065745353699"
"2059","0.8522818088531494","0.8522818088531494","0.8522818088531494"
"2061","0.8528421521186829","0.8528421521186829","0.8528421521186829"
"2065","0.8487938642501831","0.8487938642501831","0.8487938642501831"
"2067","0.8470549583435059","0.8470549583435059","0.8470549583435059"
"2069","0.8556421399116516","0.8556421399116516","0.8556421399116516"
"2071","0.8505918383598328","0.8505918383598328","0.8505918383598328"
"2073","0.8580725193023682","0.8580725193023682","0.8580725193023682"
"2075","0.8531125783920288","0.8531125783920288","0.8531125783920288"
"2077","0.8471810817718506","0.8471810817718506","0.8471810817718506"
"2081","0.8496482968330383","0.8496482968330383","0.8496482968330383"
"2083","0.8527694940567017","0.8527694940567017","0.8527694940567017"
"2085","0.8513986468315125","0.8513986468315125","0.8513986468315125"
"2087","0.847804844379425","0.847804844379425","0.847804844379425"
"2089","0.8449379801750183","0.8449379801750183","0.8449379801750183"
"2091","0.846524715423584","0.846524715423584","0.846524715423584"
"2093","0.8474610447883606","0.8474610447883606","0.8474610447883606"
"2097","0.8539526462554932","0.8539526462554932","0.8539526462554932"
"2099","0.8417495489120483","0.8417495489120483","0.8417495489120483"
"2101","0.8566938638687134","0.8566938638687134","0.8566938638687134"
"2103","0.8434591293334961","0.8434591293334961","0.8434591293334961"
"2105","0.8452853560447693","0.8452853560447693","0.8452853560447693"
"2107","0.8493946194648743","0.8493946194648743","0.8493946194648743"
"2109","0.8378337025642395","0.8378337025642395","0.8378337025642395"
"2113","0.8403015732765198","0.8403015732765198","0.8403015732765198"
"2115","0.8489877581596375","0.8489877581596375","0.8489877581596375"
"2117","0.8460440635681152","0.8460440635681152","0.8460440635681152"
"2119","0.8403956890106201","0.8403956890106201","0.8403956890106201"
"2121","0.8453834056854248","0.8453834056854248","0.8453834056854248"
"2123","0.8378732204437256","0.8378732204437256","0.8378732204437256"
"2125","0.8365767598152161","0.8365767598152161","0.8365767598152161"
"2129","0.841522753238678","0.841522753238678","0.841522753238678"
"2131","0.8428641557693481","0.8428641557693481","0.8428641557693481"
"2133","0.8509405851364136","0.8509405851364136","0.8509405851364136"
"2135","0.8380829691886902","0.8380829691886902","0.8380829691886902"
"2137","0.845583438873291","0.845583438873291","0.845583438873291"
"2139","0.8371106386184692","0.8371106386184692","0.8371106386184692"
"2141","0.8365620970726013","0.8365620970726013","0.8365620970726013"
"2145","0.8472956418991089","0.8472956418991089","0.8472956418991089"
"2147","0.8428224921226501","0.8428224921226501","0.8428224921226501"
"2149","0.8382169008255005","0.8382169008255005","0.8382169008255005"
"2151","0.8345584869384766","0.8345584869384766","0.8345584869384766"
"2153","0.8459537625312805","0.8459537625312805","0.8459537625312805"
"2155","0.8396666646003723","0.8396666646003723","0.8396666646003723"
"2157","0.8350371718406677","0.8350371718406677","0.8350371718406677"
"2161","0.8373373746871948","0.8373373746871948","0.8373373746871948"
"2163","0.8379687070846558","0.8379687070846558","0.8379687070846558"
"2165","0.83254474401474","0.83254474401474","0.83254474401474"
"2167","0.8302569389343262","0.8302569389343262","0.8302569389343262"
"2169","0.8423944115638733","0.8423944115638733","0.8423944115638733"
"2171","0.8304175138473511","0.8304175138473511","0.8304175138473511"
"2173","0.8405629992485046","0.8405629992485046","0.8405629992485046"
"2177","0.833380937576294","0.833380937576294","0.833380937576294"
"2179","0.8282462954521179","0.8282462954521179","0.8282462954521179"
"2181","0.8350589871406555","0.8350589871406555","0.8350589871406555"
"2183","0.8278943300247192","0.8278943300247192","0.8278943300247192"
"2185","0.8341720700263977","0.8341720700263977","0.8341720700263977"
"2187","0.8277928829193115","0.8277928829193115","0.8277928829193115"
"2189","0.8314176797866821","0.8314176797866821","0.8314176797866821"
"2193","0.8327844738960266","0.8327844738960266","0.8327844738960266"
"2195","0.8324930667877197","0.8324930667877197","0.8324930667877197"
"2197","0.8219358921051025","0.8219358921051025","0.8219358921051025"
"2199","0.8251059651374817","0.8251059651374817","0.8251059651374817"
"2201","0.8362517952919006","0.8362517952919006","0.8362517952919006"
"2203","0.8270392417907715","0.8270392417907715","0.8270392417907715"
"2205","0.8281142115592957","0.8281142115592957","0.8281142115592957"
"2209","0.8416562080383301","0.8416562080383301","0.8416562080383301"
"2211","0.8236491680145264","0.8236491680145264","0.8236491680145264"
"2213","0.8293882608413696","0.8293882608413696","0.8293882608413696"
"2215","0.8281927108764648","0.8281927108764648","0.8281927108764648"
"2217","0.8354677557945251","0.8354677557945251","0.8354677557945251"
"2219","0.8303946852684021","0.8303946852684021","0.8303946852684021"
"2221","0.8288195133209229","0.8288195133209229","0.8288195133209229"
"2225","0.8123829364776611","0.8123829364776611","0.8123829364776611"
"2227","0.8262743949890137","0.8262743949890137","0.8262743949890137"
"2229","0.8318182826042175","0.8318182826042175","0.8318182826042175"
"2231","0.8203327059745789","0.8203327059745789","0.8203327059745789"
"2233","0.8306609988212585","0.8306609988212585","0.8306609988212585"
"2235","0.8257302641868591","0.8257302641868591","0.8257302641868591"
"2237","0.8294661045074463","0.8294661045074463","0.8294661045074463"
"2241","0.8162144422531128","0.8162144422531128","0.8162144422531128"
"2243","0.8130673170089722","0.8130673170089722","0.8130673170089722"
"2245","0.8268073201179504","0.8268073201179504","0.8268073201179504"
"2247","0.8225530385971069","0.8225530385971069","0.8225530385971069"
"2249","0.8181095719337463","0.8181095719337463","0.8181095719337463"
"2251","0.8114509582519531","0.8114509582519531","0.8114509582519531"
"2253","0.8163868188858032","0.8163868188858032","0.8163868188858032"
"2257","0.8240933418273926","0.8240933418273926","0.8240933418273926"
"2259","0.8159077763557434","0.8159077763557434","0.8159077763557434"
"2261","0.828772783279419","0.828772783279419","0.828772783279419"
"2263","0.815036416053772","0.815036416053772","0.815036416053772"
"2265","0.8200421333312988","0.8200421333312988","0.8200421333312988"
"2267","0.8249825835227966","0.8249825835227966","0.8249825835227966"
"2269","0.8127151131629944","0.8127151131629944","0.8127151131629944"
"2273","0.8253860473632812","0.8253860473632812","0.8253860473632812"
"2275","0.8107186555862427","0.8107186555862427","0.8107186555862427"
"2277","0.8282186388969421","0.8282186388969421","0.8282186388969421"
"2279","0.8164253830909729","0.8164253830909729","0.8164253830909729"
"2281","0.8222999572753906","0.8222999572753906","0.8222999572753906"
"2283","0.8113505244255066","0.8113505244255066","0.8113505244255066"
"2285","0.8160247206687927","0.8160247206687927","0.8160247206687927"
"2289","0.8228555917739868","0.8228555917739868","0.8228555917739868"
"2291","0.8126842379570007","0.8126842379570007","0.8126842379570007"
"2293","0.8197585344314575","0.8197585344314575","0.8197585344314575"
"2295","0.8168447613716125","0.8168447613716125","0.8168447613716125"
"2297","0.8216840028762817","0.8216840028762817","0.8216840028762817"
"2299","0.8112159371376038","0.8112159371376038","0.8112159371376038"
"2301","0.8126290440559387","0.8126290440559387","0.8126290440559387"
"2305","0.8106218576431274","0.8106218576431274","0.8106218576431274"
"2307","0.8045777082443237","0.8045777082443237","0.8045777082443237"
"2309","0.8167896866798401","0.8167896866798401","0.8167896866798401"
"2311","0.8076971173286438","0.8076971173286438","0.8076971173286438"
"2313","0.8264347314834595","0.8264347314834595","0.8264347314834595"
"2315","0.810192346572876","0.810192346572876","0.810192346572876"
"2317","0.8214930295944214","0.8214930295944214","0.8214930295944214"
"2321","0.8101462721824646","0.8101462721824646","0.8101462721824646"
"2323","0.8155813217163086","0.8155813217163086","0.8155813217163086"
"2325","0.8124693036079407","0.8124693036079407","0.8124693036079407"
"2327","0.8067686557769775","0.8067686557769775","0.8067686557769775"
"2329","0.8103101253509521","0.8103101253509521","0.8103101253509521"
"2331","0.8116247653961182","0.8116247653961182","0.8116247653961182"
"2333","0.8066577315330505","0.8066577315330505","0.8066577315330505"
"2337","0.8172833323478699","0.8172833323478699","0.8172833323478699"
"2339","0.8137956261634827","0.8137956261634827","0.8137956261634827"
"2341","0.8118014931678772","0.8118014931678772","0.8118014931678772"
"2343","0.8046846389770508","0.8046846389770508","0.8046846389770508"
"2345","0.8082217574119568","0.8082217574119568","0.8082217574119568"
"2347","0.8014276623725891","0.8014276623725891","0.8014276623725891"
"2349","0.7988780736923218","0.7988780736923218","0.7988780736923218"
"2353","0.8089988827705383","0.8089988827705383","0.8089988827705383"
"2355","0.8028982281684875","0.8028982281684875","0.8028982281684875"
"2357","0.8056109547615051","0.8056109547615051","0.8056109547615051"
"2359","0.7994628548622131","0.7994628548622131","0.7994628548622131"
"2361","0.7986361980438232","0.7986361980438232","0.7986361980438232"
"2363","0.7998111248016357","0.7998111248016357","0.7998111248016357"
"2365","0.7994868755340576","0.7994868755340576","0.7994868755340576"
"2369","0.8027033805847168","0.8027033805847168","0.8027033805847168"
"2371","0.7930943369865417","0.7930943369865417","0.7930943369865417"
"2373","0.8073409795761108","0.8073409795761108","0.8073409795761108"
"2375","0.794948399066925","0.794948399066925","0.794948399066925"
"2377","0.8107162714004517","0.8107162714004517","0.8107162714004517"
"2379","0.7968069911003113","0.7968069911003113","0.7968069911003113"
"2381","0.8063150644302368","0.8063150644302368","0.8063150644302368"
"2385","0.7904626727104187","0.7904626727104187","0.7904626727104187"
"2387","0.8013262748718262","0.8013262748718262","0.8013262748718262"
"2389","0.80096834897995","0.80096834897995","0.80096834897995"
"2391","0.8054397106170654","0.8054397106170654","0.8054397106170654"
"2393","0.8118141889572144","0.8118141889572144","0.8118141889572144"
"2395","0.7926493287086487","0.7926493287086487","0.7926493287086487"
"2397","0.8028351068496704","0.8028351068496704","0.8028351068496704"