"Step","swept-blaze-817 - std_entropy_0","swept-blaze-817 - std_entropy_0__MIN","swept-blaze-817 - std_entropy_0__MAX"
"1","0.003807068569585681","0.003807068569585681","0.003807068569585681"
"3","0.002405962673947215","0.002405962673947215","0.002405962673947215"
"5","0.003991762176156044","0.003991762176156044","0.003991762176156044"
"7","0.0029347483068704605","0.0029347483068704605","0.0029347483068704605"
"9","0.002719519892707467","0.002719519892707467","0.002719519892707467"
"11","0.0030663274228572845","0.0030663274228572845","0.0030663274228572845"
"13","0.002805901225656271","0.002805901225656271","0.002805901225656271"
"17","0.003774399636313319","0.003774399636313319","0.003774399636313319"
"19","0.0023731654509902","0.0023731654509902","0.0023731654509902"
"21","0.003877983894199133","0.003877983894199133","0.003877983894199133"
"23","0.0028960818890482187","0.0028960818890482187","0.0028960818890482187"
"25","0.002675221301615238","0.002675221301615238","0.002675221301615238"
"27","0.0030062803998589516","0.0030062803998589516","0.0030062803998589516"
"29","0.002705340040847659","0.002705340040847659","0.002705340040847659"
"33","0.003782715415582061","0.003782715415582061","0.003782715415582061"
"35","0.00237266905605793","0.00237266905605793","0.00237266905605793"
"37","0.0037710510659962893","0.0037710510659962893","0.0037710510659962893"
"39","0.0028801243752241135","0.0028801243752241135","0.0028801243752241135"
"41","0.002653218572959304","0.002653218572959304","0.002653218572959304"
"43","0.002961705904453993","0.002961705904453993","0.002961705904453993"
"45","0.002634709933772683","0.002634709933772683","0.002634709933772683"
"49","0.0038205559831112623","0.0038205559831112623","0.0038205559831112623"
"51","0.0023997966200113297","0.0023997966200113297","0.0023997966200113297"
"53","0.0036847617011517286","0.0036847617011517286","0.0036847617011517286"
"55","0.002886406145989895","0.002886406145989895","0.002886406145989895"
"57","0.002655280753970146","0.002655280753970146","0.002655280753970146"
"59","0.002948152367025614","0.002948152367025614","0.002948152367025614"
"61","0.0025904220528900623","0.0025904220528900623","0.0025904220528900623"
"65","0.003891311353072524","0.003891311353072524","0.003891311353072524"
"67","0.002458106027916074","0.002458106027916074","0.002458106027916074"
"69","0.0036275365855544806","0.0036275365855544806","0.0036275365855544806"
"71","0.002918131649494171","0.002918131649494171","0.002918131649494171"
"73","0.0026858916971832514","0.0026858916971832514","0.0026858916971832514"
"75","0.0029612972866743803","0.0029612972866743803","0.0029612972866743803"
"77","0.0025789353530853987","0.0025789353530853987","0.0025789353530853987"
"81","0.003985133022069931","0.003985133022069931","0.003985133022069931"
"83","0.002542461035773158","0.002542461035773158","0.002542461035773158"
"85","0.003590619657188654","0.003590619657188654","0.003590619657188654"
"87","0.002976291114464402","0.002976291114464402","0.002976291114464402"
"89","0.0027441729325801134","0.0027441729325801134","0.0027441729325801134"
"91","0.0030024019069969654","0.0030024019069969654","0.0030024019069969654"
"93","0.0025940537452697754","0.0025940537452697754","0.0025940537452697754"
"97","0.0041043139062821865","0.0041043139062821865","0.0041043139062821865"
"99","0.002653679111972451","0.002653679111972451","0.002653679111972451"
"101","0.0035688942298293114","0.0035688942298293114","0.0035688942298293114"
"103","0.0030616484582424164","0.0030616484582424164","0.0030616484582424164"
"105","0.0028292599599808455","0.0028292599599808455","0.0028292599599808455"
"107","0.0030713151209056377","0.0030713151209056377","0.0030713151209056377"
"109","0.002639367477968335","0.002639367477968335","0.002639367477968335"
"113","0.00423796009272337","0.00423796009272337","0.00423796009272337"
"115","0.002785620279610157","0.002785620279610157","0.002785620279610157"
"117","0.0035866631660610437","0.0035866631660610437","0.0035866631660610437"
"119","0.003170786891132593","0.003170786891132593","0.003170786891132593"
"121","0.0029338467866182327","0.0029338467866182327","0.0029338467866182327"
"123","0.0031686434522271156","0.0031686434522271156","0.0031686434522271156"
"125","0.0027156653814017773","0.0027156653814017773","0.0027156653814017773"
"129","0.004394069779664278","0.004394069779664278","0.004394069779664278"
"131","0.0029381236527115107","0.0029381236527115107","0.0029381236527115107"
"133","0.003628148464486003","0.003628148464486003","0.003628148464486003"
"135","0.0032926949206739664","0.0032926949206739664","0.0032926949206739664"
"137","0.003059437731280923","0.003059437731280923","0.003059437731280923"
"139","0.003285779384896159","0.003285779384896159","0.003285779384896159"
"141","0.0028207292780280113","0.0028207292780280113","0.0028207292780280113"
"145","0.004562134388834238","0.004562134388834238","0.004562134388834238"
"147","0.003110370598733425","0.003110370598733425","0.003110370598733425"
"149","0.0036834573838859797","0.0036834573838859797","0.0036834573838859797"
"151","0.003430414479225874","0.003430414479225874","0.003430414479225874"
"153","0.0031982888467609882","0.0031982888467609882","0.0031982888467609882"
"155","0.003418515669181943","0.003418515669181943","0.003418515669181943"
"157","0.0029506958089768887","0.0029506958089768887","0.0029506958089768887"
"161","0.004752240609377623","0.004752240609377623","0.004752240609377623"
"163","0.0032982337288558483","0.0032982337288558483","0.0032982337288558483"
"165","0.003773569827899337","0.003773569827899337","0.003773569827899337"
"167","0.003589571686461568","0.003589571686461568","0.003589571686461568"
"169","0.0033601089380681515","0.0033601089380681515","0.0033601089380681515"
"171","0.003576627466827631","0.003576627466827631","0.003576627466827631"
"173","0.0031049393583089113","0.0031049393583089113","0.0031049393583089113"
"177","0.004954133182764053","0.004954133182764053","0.004954133182764053"
"179","0.0035007933620363474","0.0035007933620363474","0.0035007933620363474"
"181","0.003884732723236084","0.003884732723236084","0.003884732723236084"
"183","0.0037619059439748526","0.0037619059439748526","0.0037619059439748526"
"185","0.003531338181346655","0.003531338181346655","0.003531338181346655"
"187","0.003753252327442169","0.003753252327442169","0.003753252327442169"
"189","0.0032820706255733967","0.0032820706255733967","0.0032820706255733967"
"193","0.005165068432688713","0.005165068432688713","0.005165068432688713"
"195","0.0037163004744797945","0.0037163004744797945","0.0037163004744797945"
"197","0.004002980887889862","0.004002980887889862","0.004002980887889862"
"199","0.003951548598706722","0.003951548598706722","0.003951548598706722"
"201","0.003717056941241026","0.003717056941241026","0.003717056941241026"
"203","0.0039468067698180676","0.0039468067698180676","0.0039468067698180676"
"205","0.0034848174545913935","0.0034848174545913935","0.0034848174545913935"
"209","0.00538076926022768","0.00538076926022768","0.00538076926022768"
"211","0.003948955796658993","0.003948955796658993","0.003948955796658993"
"213","0.004156503360718489","0.004156503360718489","0.004156503360718489"
"215","0.004169336520135403","0.004169336520135403","0.004169336520135403"
"217","0.003928466700017452","0.003928466700017452","0.003928466700017452"
"219","0.004162321798503399","0.004162321798503399","0.004162321798503399"
"221","0.003715493716299534","0.003715493716299534","0.003715493716299534"
"225","0.005624087061733007","0.005624087061733007","0.005624087061733007"
"227","0.0041958983056247234","0.0041958983056247234","0.0041958983056247234"
"229","0.004335005767643452","0.004335005767643452","0.004335005767643452"
"231","0.004402724094688892","0.004402724094688892","0.004402724094688892"
"233","0.004160112701356411","0.004160112701356411","0.004160112701356411"
"235","0.004394105635583401","0.004394105635583401","0.004394105635583401"
"237","0.003961288835853338","0.003961288835853338","0.003961288835853338"
"241","0.005887136794626713","0.005887136794626713","0.005887136794626713"
"243","0.004451802931725979","0.004451802931725979","0.004451802931725979"
"245","0.004531743936240673","0.004531743936240673","0.004531743936240673"
"247","0.004635336343199015","0.004635336343199015","0.004635336343199015"
"249","0.004400967620313168","0.004400967620313168","0.004400967620313168"
"251","0.0046417368575930595","0.0046417368575930595","0.0046417368575930595"
"253","0.0042250147089362144","0.0042250147089362144","0.0042250147089362144"
"257","0.006170158740133047","0.006170158740133047","0.006170158740133047"
"259","0.004733177367597818","0.004733177367597818","0.004733177367597818"
"261","0.004755644127726555","0.004755644127726555","0.004755644127726555"
"263","0.004877918399870396","0.004877918399870396","0.004877918399870396"
"265","0.004653506446629763","0.004653506446629763","0.004653506446629763"
"267","0.004897589795291424","0.004897589795291424","0.004897589795291424"
"269","0.004511544946581125","0.004511544946581125","0.004511544946581125"
"273","0.006453194655478001","0.006453194655478001","0.006453194655478001"
"275","0.00502748042345047","0.00502748042345047","0.00502748042345047"
"277","0.0049915555864572525","0.0049915555864572525","0.0049915555864572525"
"279","0.005133649799972773","0.005133649799972773","0.005133649799972773"
"281","0.004915009252727032","0.004915009252727032","0.004915009252727032"
"283","0.005158865824341774","0.005158865824341774","0.005158865824341774"
"285","0.004813832696527243","0.004813832696527243","0.004813832696527243"
"289","0.006751415319740772","0.006751415319740772","0.006751415319740772"
"291","0.005328701343387365","0.005328701343387365","0.005328701343387365"
"293","0.005240980070084333","0.005240980070084333","0.005240980070084333"
"295","0.0054023778066039085","0.0054023778066039085","0.0054023778066039085"
"297","0.005179489031434059","0.005179489031434059","0.005179489031434059"
"299","0.005435105413198471","0.005435105413198471","0.005435105413198471"
"301","0.00511787086725235","0.00511787086725235","0.00511787086725235"
"305","0.007052833680063486","0.007052833680063486","0.007052833680063486"
"307","0.005635519977658987","0.005635519977658987","0.005635519977658987"
"309","0.00550942774862051","0.00550942774862051","0.00550942774862051"
"311","0.005675877910107374","0.005675877910107374","0.005675877910107374"
"313","0.005463801324367523","0.005463801324367523","0.005463801324367523"
"315","0.005719165783375502","0.005719165783375502","0.005719165783375502"
"317","0.005445939488708973","0.005445939488708973","0.005445939488708973"
"321","0.007364683318883181","0.007364683318883181","0.007364683318883181"
"323","0.00594757916405797","0.00594757916405797","0.00594757916405797"
"325","0.0057856738567352295","0.0057856738567352295","0.0057856738567352295"
"327","0.005959908477962017","0.005959908477962017","0.005959908477962017"
"329","0.0057605416513979435","0.0057605416513979435","0.0057605416513979435"
"331","0.006014371756464243","0.006014371756464243","0.006014371756464243"
"333","0.00579110300168395","0.00579110300168395","0.00579110300168395"
"337","0.007686917670071125","0.007686917670071125","0.007686917670071125"
"339","0.006270756013691425","0.006270756013691425","0.006270756013691425"
"341","0.006072235759347677","0.006072235759347677","0.006072235759347677"
"343","0.0062443846836686134","0.0062443846836686134","0.0062443846836686134"
"345","0.006062079221010208","0.006062079221010208","0.006062079221010208"
"347","0.0063117509707808495","0.0063117509707808495","0.0063117509707808495"
"349","0.006138514261692762","0.006138514261692762","0.006138514261692762"
"353","0.008005158975720406","0.008005158975720406","0.008005158975720406"
"355","0.006602077279239893","0.006602077279239893","0.006602077279239893"
"357","0.0063645183108747005","0.0063645183108747005","0.0063645183108747005"
"359","0.006539192516356707","0.006539192516356707","0.006539192516356707"
"361","0.006372018251568079","0.006372018251568079","0.006372018251568079"
"363","0.006621628068387508","0.006621628068387508","0.006621628068387508"
"365","0.006490733008831739","0.006490733008831739","0.006490733008831739"
"369","0.008324638940393925","0.008324638940393925","0.008324638940393925"
"371","0.006953626871109009","0.006953626871109009","0.006953626871109009"
"373","0.0066817388869822025","0.0066817388869822025","0.0066817388869822025"
"375","0.0068539720959961414","0.0068539720959961414","0.0068539720959961414"
"377","0.006695845630019903","0.006695845630019903","0.006695845630019903"
"379","0.0069610681384801865","0.0069610681384801865","0.0069610681384801865"
"381","0.006871196441352367","0.006871196441352367","0.006871196441352367"
"385","0.008661880157887936","0.008661880157887936","0.008661880157887936"
"387","0.007314509712159634","0.007314509712159634","0.007314509712159634"
"389","0.007015512324869633","0.007015512324869633","0.007015512324869633"
"391","0.007172178011387587","0.007172178011387587","0.007172178011387587"
"393","0.007028236053884029","0.007028236053884029","0.007028236053884029"
"395","0.007300638593733311","0.007300638593733311","0.007300638593733311"
"397","0.007263533771038055","0.007263533771038055","0.007263533771038055"
"401","0.009005184285342693","0.009005184285342693","0.009005184285342693"
"403","0.007680503651499748","0.007680503651499748","0.007680503651499748"
"405","0.007353436667472124","0.007353436667472124","0.007353436667472124"
"407","0.007493969518691301","0.007493969518691301","0.007493969518691301"
"409","0.0073692104779183865","0.0073692104779183865","0.0073692104779183865"
"411","0.007651957217603922","0.007651957217603922","0.007651957217603922"
"413","0.007670770864933729","0.007670770864933729","0.007670770864933729"
"417","0.0093531534075737","0.0093531534075737","0.0093531534075737"
"419","0.008059239014983177","0.008059239014983177","0.008059239014983177"
"421","0.007709808647632599","0.007709808647632599","0.007709808647632599"
"423","0.007825161330401897","0.007825161330401897","0.007825161330401897"
"425","0.007721011061221361","0.007721011061221361","0.007721011061221361"
"427","0.008009988814592361","0.008009988814592361","0.008009988814592361"
"429","0.00808907300233841","0.00808907300233841","0.00808907300233841"
"433","0.009718570858240128","0.009718570858240128","0.009718570858240128"
"435","0.008443675003945827","0.008443675003945827","0.008443675003945827"
"437","0.008059966377913952","0.008059966377913952","0.008059966377913952"
"439","0.008162440732121468","0.008162440732121468","0.008162440732121468"
"441","0.00807469803839922","0.00807469803839922","0.00807469803839922"
"443","0.008374559693038464","0.008374559693038464","0.008374559693038464"
"445","0.008516643196344376","0.008516643196344376","0.008516643196344376"
"449","0.01009578537195921","0.01009578537195921","0.01009578537195921"
"451","0.008846372365951538","0.008846372365951538","0.008846372365951538"
"453","0.008425096049904823","0.008425096049904823","0.008425096049904823"
"455","0.00851612538099289","0.00851612538099289","0.00851612538099289"
"457","0.008437848649919033","0.008437848649919033","0.008437848649919033"
"459","0.008744918741285801","0.008744918741285801","0.008744918741285801"
"461","0.00896616280078888","0.00896616280078888","0.00896616280078888"
"465","0.010471867397427559","0.010471867397427559","0.010471867397427559"
"467","0.0092536062002182","0.0092536062002182","0.0092536062002182"
"469","0.008794103749096394","0.008794103749096394","0.008794103749096394"
"471","0.008870466612279415","0.008870466612279415","0.008870466612279415"
"473","0.008816384710371494","0.008816384710371494","0.008816384710371494"
"475","0.00911926943808794","0.00911926943808794","0.00911926943808794"
"477","0.009414926171302795","0.009414926171302795","0.009414926171302795"
"481","0.01084423903375864","0.01084423903375864","0.01084423903375864"
"483","0.009671580046415329","0.009671580046415329","0.009671580046415329"
"485","0.009169685654342175","0.009169685654342175","0.009169685654342175"
"487","0.009233108721673489","0.009233108721673489","0.009233108721673489"
"489","0.009206388145685196","0.009206388145685196","0.009206388145685196"
"491","0.009508080780506134","0.009508080780506134","0.009508080780506134"
"493","0.009874600917100906","0.009874600917100906","0.009874600917100906"
"497","0.011236380785703659","0.011236380785703659","0.011236380785703659"
"499","0.010097172111272812","0.010097172111272812","0.010097172111272812"
"501","0.009553752839565277","0.009553752839565277","0.009553752839565277"
"503","0.00961256679147482","0.00961256679147482","0.00961256679147482"
"505","0.009611011482775211","0.009611011482775211","0.009611011482775211"
"507","0.009897103533148766","0.009897103533148766","0.009897103533148766"
"509","0.010343817993998528","0.010343817993998528","0.010343817993998528"
"513","0.011633121408522129","0.011633121408522129","0.011633121408522129"
"515","0.010530611500144005","0.010530611500144005","0.010530611500144005"
"517","0.009947092272341251","0.009947092272341251","0.009947092272341251"
"519","0.009998099878430367","0.009998099878430367","0.009998099878430367"
"521","0.010023386217653751","0.010023386217653751","0.010023386217653751"
"523","0.010297438129782677","0.010297438129782677","0.010297438129782677"
"525","0.010832679457962513","0.010832679457962513","0.010832679457962513"
"529","0.012036945670843124","0.012036945670843124","0.012036945670843124"
"531","0.01099015399813652","0.01099015399813652","0.01099015399813652"
"533","0.01035119779407978","0.01035119779407978","0.01035119779407978"
"535","0.010387597605586052","0.010387597605586052","0.010387597605586052"
"537","0.010447155684232712","0.010447155684232712","0.010447155684232712"
"539","0.010707369074225426","0.010707369074225426","0.010707369074225426"
"541","0.01133399922400713","0.01133399922400713","0.01133399922400713"
"545","0.012429539114236832","0.012429539114236832","0.012429539114236832"
"547","0.011451927945017815","0.011451927945017815","0.011451927945017815"
"549","0.010757983662188053","0.010757983662188053","0.010757983662188053"
"551","0.010784566402435303","0.010784566402435303","0.010784566402435303"
"553","0.010872296057641506","0.010872296057641506","0.010872296057641506"
"555","0.011125338263809681","0.011125338263809681","0.011125338263809681"
"557","0.011848874390125275","0.011848874390125275","0.011848874390125275"
"561","0.012846575118601322","0.012846575118601322","0.012846575118601322"
"563","0.011931627057492733","0.011931627057492733","0.011931627057492733"
"565","0.01118707749992609","0.01118707749992609","0.01118707749992609"
"567","0.011195915751159191","0.011195915751159191","0.011195915751159191"
"569","0.011301486752927303","0.011301486752927303","0.011301486752927303"
"571","0.01154704112559557","0.01154704112559557","0.01154704112559557"
"573","0.012377001345157623","0.012377001345157623","0.012377001345157623"
"577","0.013279344886541367","0.013279344886541367","0.013279344886541367"
"579","0.01241180207580328","0.01241180207580328","0.01241180207580328"
"581","0.011621597222983837","0.011621597222983837","0.011621597222983837"
"583","0.011606207117438316","0.011606207117438316","0.011606207117438316"
"585","0.011741355992853642","0.011741355992853642","0.011741355992853642"
"587","0.011972881853580475","0.011972881853580475","0.011972881853580475"
"589","0.012912485748529434","0.012912485748529434","0.012912485748529434"
"593","0.013721989467740059","0.013721989467740059","0.013721989467740059"
"595","0.012906457297503948","0.012906457297503948","0.012906457297503948"
"597","0.012075021862983704","0.012075021862983704","0.012075021862983704"
"599","0.012023446150124073","0.012023446150124073","0.012023446150124073"
"601","0.012202199548482895","0.012202199548482895","0.012202199548482895"
"603","0.01242227666079998","0.01242227666079998","0.01242227666079998"
"605","0.013467809185385704","0.013467809185385704","0.013467809185385704"
"609","0.014171972870826721","0.014171972870826721","0.014171972870826721"
"611","0.013420525006949902","0.013420525006949902","0.013420525006949902"
"613","0.012529960833489895","0.012529960833489895","0.012529960833489895"
"615","0.012450945563614368","0.012450945563614368","0.012450945563614368"
"617","0.012679935432970524","0.012679935432970524","0.012679935432970524"
"619","0.012874932028353214","0.012874932028353214","0.012874932028353214"
"621","0.014037825167179108","0.014037825167179108","0.014037825167179108"
"625","0.014636874198913574","0.014636874198913574","0.014636874198913574"
"627","0.013942057266831398","0.013942057266831398","0.013942057266831398"
"629","0.01298560295253992","0.01298560295253992","0.01298560295253992"
"631","0.012889147736132145","0.012889147736132145","0.012889147736132145"
"633","0.01315620169043541","0.01315620169043541","0.01315620169043541"
"635","0.01332817878574133","0.01332817878574133","0.01332817878574133"
"637","0.014627513475716114","0.014627513475716114","0.014627513475716114"
"641","0.015099764801561832","0.015099764801561832","0.015099764801561832"
"643","0.014469778165221214","0.014469778165221214","0.014469778165221214"
"645","0.013455279171466827","0.013455279171466827","0.013455279171466827"
"647","0.013341334648430347","0.013341334648430347","0.013341334648430347"
"649","0.013642540201544762","0.013642540201544762","0.013642540201544762"
"651","0.013799495995044708","0.013799495995044708","0.013799495995044708"
"653","0.015232917852699757","0.015232917852699757","0.015232917852699757"
"657","0.015567967668175697","0.015567967668175697","0.015567967668175697"
"659","0.01501613948494196","0.01501613948494196","0.01501613948494196"
"661","0.013932743109762669","0.013932743109762669","0.013932743109762669"
"663","0.013801313005387783","0.013801313005387783","0.013801313005387783"
"665","0.014133485965430737","0.014133485965430737","0.014133485965430737"
"667","0.014273022301495075","0.014273022301495075","0.014273022301495075"
"669","0.01583956554532051","0.01583956554532051","0.01583956554532051"
"673","0.016025567427277565","0.016025567427277565","0.016025567427277565"
"675","0.01555237453430891","0.01555237453430891","0.01555237453430891"
"677","0.01441893819719553","0.01441893819719553","0.01441893819719553"
"679","0.014254496432840824","0.014254496432840824","0.014254496432840824"
"681","0.014633741229772568","0.014633741229772568","0.014633741229772568"
"683","0.014749718829989433","0.014749718829989433","0.014749718829989433"
"685","0.016446644440293312","0.016446644440293312","0.016446644440293312"
"689","0.016487615182995796","0.016487615182995796","0.016487615182995796"
"691","0.016110951080918312","0.016110951080918312","0.016110951080918312"
"693","0.014918176457285881","0.014918176457285881","0.014918176457285881"
"695","0.014724099077284336","0.014724099077284336","0.014724099077284336"
"697","0.015162342227995396","0.015162342227995396","0.015162342227995396"
"699","0.01524276565760374","0.01524276565760374","0.01524276565760374"
"701","0.0170733779668808","0.0170733779668808","0.0170733779668808"
"705","0.01697055995464325","0.01697055995464325","0.01697055995464325"
"707","0.016675230115652084","0.016675230115652084","0.016675230115652084"
"709","0.015425972640514374","0.015425972640514374","0.015425972640514374"
"711","0.015199467539787292","0.015199467539787292","0.015199467539787292"
"713","0.015685928985476494","0.015685928985476494","0.015685928985476494"
"715","0.01575734093785286","0.01575734093785286","0.01575734093785286"
"717","0.01772390492260456","0.01772390492260456","0.01772390492260456"
"721","0.01748061180114746","0.01748061180114746","0.01748061180114746"
"723","0.01726381853222847","0.01726381853222847","0.01726381853222847"
"725","0.015957597643136978","0.015957597643136978","0.015957597643136978"
"727","0.01569955237209797","0.01569955237209797","0.01569955237209797"
"729","0.01622946932911873","0.01622946932911873","0.01622946932911873"
"731","0.016292862594127655","0.016292862594127655","0.016292862594127655"
"733","0.018395058810710907","0.018395058810710907","0.018395058810710907"
"737","0.018002919852733612","0.018002919852733612","0.018002919852733612"
"739","0.01786152832210064","0.01786152832210064","0.01786152832210064"
"741","0.01649269461631775","0.01649269461631775","0.01649269461631775"
"743","0.01621035300195217","0.01621035300195217","0.01621035300195217"
"745","0.01678541861474514","0.01678541861474514","0.01678541861474514"
"747","0.01683567650616169","0.01683567650616169","0.01683567650616169"
"749","0.019058644771575928","0.019058644771575928","0.019058644771575928"
"753","0.01852228306233883","0.01852228306233883","0.01852228306233883"
"755","0.018462471663951874","0.018462471663951874","0.018462471663951874"
"757","0.017020681872963905","0.017020681872963905","0.017020681872963905"
"759","0.016714921221137047","0.016714921221137047","0.016714921221137047"
"761","0.01734510436654091","0.01734510436654091","0.01734510436654091"
"763","0.01736564189195633","0.01736564189195633","0.01736564189195633"
"765","0.019733339548110962","0.019733339548110962","0.019733339548110962"
"769","0.019052721560001373","0.019052721560001373","0.019052721560001373"
"771","0.0190694909542799","0.0190694909542799","0.0190694909542799"
"773","0.017556682229042053","0.017556682229042053","0.017556682229042053"
"775","0.017233192920684814","0.017233192920684814","0.017233192920684814"
"777","0.0179376732558012","0.0179376732558012","0.0179376732558012"
"779","0.01790865883231163","0.01790865883231163","0.01790865883231163"
"781","0.020421046763658524","0.020421046763658524","0.020421046763658524"
"785","0.01960262656211853","0.01960262656211853","0.01960262656211853"
"787","0.019686177372932434","0.019686177372932434","0.019686177372932434"
"789","0.018111679702997208","0.018111679702997208","0.018111679702997208"
"791","0.017755385488271713","0.017755385488271713","0.017755385488271713"
"793","0.018528489395976067","0.018528489395976067","0.018528489395976067"
"795","0.018474215641617775","0.018474215641617775","0.018474215641617775"
"797","0.02112082578241825","0.02112082578241825","0.02112082578241825"
"801","0.020157912746071815","0.020157912746071815","0.020157912746071815"
"803","0.020313214510679245","0.020313214510679245","0.020313214510679245"
"805","0.018689952790737152","0.018689952790737152","0.018689952790737152"
"807","0.018283480778336525","0.018283480778336525","0.018283480778336525"
"809","0.019106129184365273","0.019106129184365273","0.019106129184365273"
"811","0.01902294158935547","0.01902294158935547","0.01902294158935547"
"813","0.02183152548968792","0.02183152548968792","0.02183152548968792"
"817","0.020693914964795113","0.020693914964795113","0.020693914964795113"
"819","0.02093691937625408","0.02093691937625408","0.02093691937625408"
"821","0.019265159964561462","0.019265159964561462","0.019265159964561462"
"823","0.018827315419912338","0.018827315419912338","0.018827315419912338"
"825","0.019698353484272957","0.019698353484272957","0.019698353484272957"
"827","0.01959451287984848","0.01959451287984848","0.01959451287984848"
"829","0.02255827747285366","0.02255827747285366","0.02255827747285366"
"833","0.021255137398838997","0.021255137398838997","0.021255137398838997"
"835","0.02158268354833126","0.02158268354833126","0.02158268354833126"
"837","0.019854940474033356","0.019854940474033356","0.019854940474033356"
"839","0.01938467286527157","0.01938467286527157","0.01938467286527157"
"841","0.020314669236540794","0.020314669236540794","0.020314669236540794"
"843","0.020184312015771866","0.020184312015771866","0.020184312015771866"
"845","0.023321883752942085","0.023321883752942085","0.023321883752942085"
"849","0.0218436848372221","0.0218436848372221","0.0218436848372221"
"851","0.022245697677135468","0.022245697677135468","0.022245697677135468"
"853","0.02046237327158451","0.02046237327158451","0.02046237327158451"
"855","0.01995883695781231","0.01995883695781231","0.01995883695781231"
"857","0.020939573645591736","0.020939573645591736","0.020939573645591736"
"859","0.02078370563685894","0.02078370563685894","0.02078370563685894"
"861","0.024080777540802956","0.024080777540802956","0.024080777540802956"
"865","0.022443212568759918","0.022443212568759918","0.022443212568759918"
"867","0.022924577817320824","0.022924577817320824","0.022924577817320824"
"869","0.021080663427710533","0.021080663427710533","0.021080663427710533"
"871","0.020541725680232048","0.020541725680232048","0.020541725680232048"
"873","0.021579062566161156","0.021579062566161156","0.021579062566161156"
"875","0.021396707743406296","0.021396707743406296","0.021396707743406296"
"877","0.024842480197548866","0.024842480197548866","0.024842480197548866"
"881","0.023039918392896652","0.023039918392896652","0.023039918392896652"
"883","0.023607604205608368","0.023607604205608368","0.023607604205608368"
"885","0.021699385717511177","0.021699385717511177","0.021699385717511177"
"887","0.02111860178411007","0.02111860178411007","0.02111860178411007"
"889","0.022215699777007103","0.022215699777007103","0.022215699777007103"
"891","0.022008266299962997","0.022008266299962997","0.022008266299962997"
"893","0.025605734437704086","0.025605734437704086","0.025605734437704086"
"897","0.023637352511286736","0.023637352511286736","0.023637352511286736"
"899","0.024296335875988007","0.024296335875988007","0.024296335875988007"
"901","0.022324377670884132","0.022324377670884132","0.022324377670884132"
"903","0.021715689450502396","0.021715689450502396","0.021715689450502396"
"905","0.022870998829603195","0.022870998829603195","0.022870998829603195"
"907","0.022628504782915115","0.022628504782915115","0.022628504782915115"
"909","0.0263650044798851","0.0263650044798851","0.0263650044798851"
"913","0.024242322891950607","0.024242322891950607","0.024242322891950607"
"915","0.025003889575600624","0.025003889575600624","0.025003889575600624"
"917","0.022957349196076393","0.022957349196076393","0.022957349196076393"
"919","0.022311920300126076","0.022311920300126076","0.022311920300126076"
"921","0.023536263033747673","0.023536263033747673","0.023536263033747673"
"923","0.023263825103640556","0.023263825103640556","0.023263825103640556"
"925","0.027148060500621796","0.027148060500621796","0.027148060500621796"
"929","0.024858979508280754","0.024858979508280754","0.024858979508280754"
"931","0.025727035477757454","0.025727035477757454","0.025727035477757454"
"933","0.02360660582780838","0.02360660582780838","0.02360660582780838"
"935","0.022920535877346992","0.022920535877346992","0.022920535877346992"
"937","0.02420649491250515","0.02420649491250515","0.02420649491250515"
"939","0.02390093170106411","0.02390093170106411","0.02390093170106411"
"941","0.027925601229071617","0.027925601229071617","0.027925601229071617"
"945","0.0254812091588974","0.0254812091588974","0.0254812091588974"
"947","0.026446927338838577","0.026446927338838577","0.026446927338838577"
"949","0.02425556629896164","0.02425556629896164","0.02425556629896164"
"951","0.023526029661297798","0.023526029661297798","0.023526029661297798"
"953","0.0248880535364151","0.0248880535364151","0.0248880535364151"
"955","0.024532023817300797","0.024532023817300797","0.024532023817300797"
"957","0.028726326301693916","0.028726326301693916","0.028726326301693916"
"961","0.02611383982002735","0.02611383982002735","0.02611383982002735"
"963","0.02718021348118782","0.02718021348118782","0.02718021348118782"
"965","0.024905027821660042","0.024905027821660042","0.024905027821660042"
"967","0.024136008694767952","0.024136008694767952","0.024136008694767952"
"969","0.025582125410437584","0.025582125410437584","0.025582125410437584"
"971","0.025176815688610077","0.025176815688610077","0.025176815688610077"
"973","0.02954135090112686","0.02954135090112686","0.02954135090112686"
"977","0.026756752282381058","0.026756752282381058","0.026756752282381058"
"979","0.027922306209802628","0.027922306209802628","0.027922306209802628"
"981","0.025571011006832123","0.025571011006832123","0.025571011006832123"
"983","0.024764573201537132","0.024764573201537132","0.024764573201537132"
"985","0.026298340409994125","0.026298340409994125","0.026298340409994125"
"987","0.025839636102318764","0.025839636102318764","0.025839636102318764"
"989","0.030375277623534203","0.030375277623534203","0.030375277623534203"
"993","0.027416490018367767","0.027416490018367767","0.027416490018367767"
"995","0.028654206544160843","0.028654206544160843","0.028654206544160843"
"997","0.026250509545207024","0.026250509545207024","0.026250509545207024"
"999","0.025395596399903297","0.025395596399903297","0.025395596399903297"
"1001","0.027016902342438698","0.027016902342438698","0.027016902342438698"
"1003","0.026506241410970688","0.026506241410970688","0.026506241410970688"
"1005","0.031203467398881912","0.031203467398881912","0.031203467398881912"
"1009","0.028067706152796745","0.028067706152796745","0.028067706152796745"
"1011","0.029400212690234184","0.029400212690234184","0.029400212690234184"
"1013","0.026934698224067688","0.026934698224067688","0.026934698224067688"
"1015","0.02602814882993698","0.02602814882993698","0.02602814882993698"
"1017","0.027726441621780396","0.027726441621780396","0.027726441621780396"
"1019","0.02718803472816944","0.02718803472816944","0.02718803472816944"
"1021","0.03202282264828682","0.03202282264828682","0.03202282264828682"
"1025","0.028729017823934555","0.028729017823934555","0.028729017823934555"
"1027","0.030153311789035797","0.030153311789035797","0.030153311789035797"
"1029","0.02763085998594761","0.02763085998594761","0.02763085998594761"
"1031","0.026666676625609398","0.026666676625609398","0.026666676625609398"
"1033","0.028447801247239113","0.028447801247239113","0.028447801247239113"
"1035","0.02787119150161743","0.02787119150161743","0.02787119150161743"
"1037","0.0328514538705349","0.0328514538705349","0.0328514538705349"
"1041","0.0293959341943264","0.0293959341943264","0.0293959341943264"
"1043","0.030915958806872368","0.030915958806872368","0.030915958806872368"
"1045","0.028322733938694","0.028322733938694","0.028322733938694"
"1047","0.027319205924868584","0.027319205924868584","0.027319205924868584"
"1049","0.02918001264333725","0.02918001264333725","0.02918001264333725"
"1051","0.02857235074043274","0.02857235074043274","0.02857235074043274"
"1053","0.03370606526732445","0.03370606526732445","0.03370606526732445"
"1057","0.03007632866501808","0.03007632866501808","0.03007632866501808"
"1059","0.03169674798846245","0.03169674798846245","0.03169674798846245"
"1061","0.029025454074144363","0.029025454074144363","0.029025454074144363"
"1063","0.02799585461616516","0.02799585461616516","0.02799585461616516"
"1065","0.029930077493190765","0.029930077493190765","0.029930077493190765"
"1067","0.02927839569747448","0.02927839569747448","0.02927839569747448"
"1069","0.03455449268221855","0.03455449268221855","0.03455449268221855"
"1073","0.030775275081396103","0.030775275081396103","0.030775275081396103"
"1075","0.03247348591685295","0.03247348591685295","0.03247348591685295"
"1077","0.029753288254141808","0.029753288254141808","0.029753288254141808"
"1079","0.028689976781606674","0.028689976781606674","0.028689976781606674"
"1081","0.03068612702190876","0.03068612702190876","0.03068612702190876"
"1083","0.030000289902091026","0.030000289902091026","0.030000289902091026"
"1085","0.03541278839111328","0.03541278839111328","0.03541278839111328"
"1089","0.031482942402362823","0.031482942402362823","0.031482942402362823"
"1091","0.03326850384473801","0.03326850384473801","0.03326850384473801"
"1093","0.03048148937523365","0.03048148937523365","0.03048148937523365"
"1095","0.029392769560217857","0.029392769560217857","0.029392769560217857"
"1097","0.0314456969499588","0.0314456969499588","0.0314456969499588"
"1099","0.030712377279996872","0.030712377279996872","0.030712377279996872"
"1101","0.0362871028482914","0.0362871028482914","0.0362871028482914"
"1105","0.03218955174088478","0.03218955174088478","0.03218955174088478"
"1107","0.03407459333539009","0.03407459333539009","0.03407459333539009"
"1109","0.031225914135575294","0.031225914135575294","0.031225914135575294"
"1111","0.030102306976914406","0.030102306976914406","0.030102306976914406"
"1113","0.032213374972343445","0.032213374972343445","0.032213374972343445"
"1115","0.03143233433365822","0.03143233433365822","0.03143233433365822"
"1117","0.03718111664056778","0.03718111664056778","0.03718111664056778"
"1121","0.032912299036979675","0.032912299036979675","0.032912299036979675"
"1123","0.034884508699178696","0.034884508699178696","0.034884508699178696"
"1125","0.03197919949889183","0.03197919949889183","0.03197919949889183"
"1127","0.030824529007077217","0.030824529007077217","0.030824529007077217"
"1129","0.03299162536859512","0.03299162536859512","0.03299162536859512"
"1131","0.032162636518478394","0.032162636518478394","0.032162636518478394"
"1133","0.03807886317372322","0.03807886317372322","0.03807886317372322"
"1137","0.03365166485309601","0.03365166485309601","0.03365166485309601"
"1139","0.03569948300719261","0.03569948300719261","0.03569948300719261"
"1141","0.03274098411202431","0.03274098411202431","0.03274098411202431"
"1143","0.03155643865466118","0.03155643865466118","0.03155643865466118"
"1145","0.033765360713005066","0.033765360713005066","0.033765360713005066"
"1147","0.032891422510147095","0.032891422510147095","0.032891422510147095"
"1149","0.038958754390478134","0.038958754390478134","0.038958754390478134"
"1153","0.03439461812376976","0.03439461812376976","0.03439461812376976"
"1155","0.036505986005067825","0.036505986005067825","0.036505986005067825"
"1157","0.03350318223237991","0.03350318223237991","0.03350318223237991"
"1159","0.03229866549372673","0.03229866549372673","0.03229866549372673"
"1161","0.034571047872304916","0.034571047872304916","0.034571047872304916"
"1163","0.033636435866355896","0.033636435866355896","0.033636435866355896"
"1165","0.039870329201221466","0.039870329201221466","0.039870329201221466"
"1169","0.0351424403488636","0.0351424403488636","0.0351424403488636"
"1171","0.03733782097697258","0.03733782097697258","0.03733782097697258"
"1173","0.03428187221288681","0.03428187221288681","0.03428187221288681"
"1175","0.03304387629032135","0.03304387629032135","0.03304387629032135"
"1177","0.035395268350839615","0.035395268350839615","0.035395268350839615"
"1179","0.034417200833559036","0.034417200833559036","0.034417200833559036"
"1181","0.04080861434340477","0.04080861434340477","0.04080861434340477"
"1185","0.035887207835912704","0.035887207835912704","0.035887207835912704"
"1187","0.03817414119839668","0.03817414119839668","0.03817414119839668"
"1189","0.03506852313876152","0.03506852313876152","0.03506852313876152"
"1191","0.033793721348047256","0.033793721348047256","0.033793721348047256"
"1193","0.036206744611263275","0.036206744611263275","0.036206744611263275"
"1195","0.03519469127058983","0.03519469127058983","0.03519469127058983"
"1197","0.04174366965889931","0.04174366965889931","0.04174366965889931"
"1201","0.03665051609277725","0.03665051609277725","0.03665051609277725"
"1203","0.03901774808764458","0.03901774808764458","0.03901774808764458"
"1205","0.035862114280462265","0.035862114280462265","0.035862114280462265"
"1207","0.03455681726336479","0.03455681726336479","0.03455681726336479"
"1209","0.03703712671995163","0.03703712671995163","0.03703712671995163"
"1211","0.035981956869363785","0.035981956869363785","0.035981956869363785"
"1213","0.0426698736846447","0.0426698736846447","0.0426698736846447"
"1217","0.03741958364844322","0.03741958364844322","0.03741958364844322"
"1219","0.039865944534540176","0.039865944534540176","0.039865944534540176"
"1221","0.03665755316615105","0.03665755316615105","0.03665755316615105"
"1223","0.03531074523925781","0.03531074523925781","0.03531074523925781"
"1225","0.037860214710235596","0.037860214710235596","0.037860214710235596"
"1227","0.03676539286971092","0.03676539286971092","0.03676539286971092"
"1229","0.04360286518931389","0.04360286518931389","0.04360286518931389"
"1233","0.03817668557167053","0.03817668557167053","0.03817668557167053"
"1235","0.04070226848125458","0.04070226848125458","0.04070226848125458"
"1237","0.037442855536937714","0.037442855536937714","0.037442855536937714"
"1239","0.036064036190509796","0.036064036190509796","0.036064036190509796"
"1241","0.03867938742041588","0.03867938742041588","0.03867938742041588"
"1243","0.03755694627761841","0.03755694627761841","0.03755694627761841"
"1245","0.044534407556056976","0.044534407556056976","0.044534407556056976"
"1249","0.038936909288167953","0.038936909288167953","0.038936909288167953"
"1251","0.04154105484485626","0.04154105484485626","0.04154105484485626"
"1253","0.03825614973902702","0.03825614973902702","0.03825614973902702"
"1255","0.03683612495660782","0.03683612495660782","0.03683612495660782"
"1257","0.039515960961580276","0.039515960961580276","0.039515960961580276"
"1259","0.038355425000190735","0.038355425000190735","0.038355425000190735"
"1261","0.04547996446490288","0.04547996446490288","0.04547996446490288"
"1265","0.039718110114336014","0.039718110114336014","0.039718110114336014"
"1267","0.0424061082303524","0.0424061082303524","0.0424061082303524"
"1269","0.03910287842154503","0.03910287842154503","0.03910287842154503"
"1271","0.037617649883031845","0.037617649883031845","0.037617649883031845"
"1273","0.040359754115343094","0.040359754115343094","0.040359754115343094"
"1275","0.03915571793913841","0.03915571793913841","0.03915571793913841"
"1277","0.046438928693532944","0.046438928693532944","0.046438928693532944"
"1281","0.04051511362195015","0.04051511362195015","0.04051511362195015"
"1283","0.043275341391563416","0.043275341391563416","0.043275341391563416"
"1285","0.03994110971689224","0.03994110971689224","0.03994110971689224"
"1287","0.03840585798025131","0.03840585798025131","0.03840585798025131"
"1289","0.041202105581760406","0.041202105581760406","0.041202105581760406"
"1291","0.03996224328875542","0.03996224328875542","0.03996224328875542"
"1293","0.0473894327878952","0.0473894327878952","0.0473894327878952"
"1297","0.04131507873535156","0.04131507873535156","0.04131507873535156"
"1299","0.044146448373794556","0.044146448373794556","0.044146448373794556"
"1301","0.04077040031552315","0.04077040031552315","0.04077040031552315"
"1303","0.03920689970254898","0.03920689970254898","0.03920689970254898"
"1305","0.042068976908922195","0.042068976908922195","0.042068976908922195"
"1307","0.040778856724500656","0.040778856724500656","0.040778856724500656"
"1309","0.04835214465856552","0.04835214465856552","0.04835214465856552"
"1313","0.04211956262588501","0.04211956262588501","0.04211956262588501"
"1315","0.04501762613654137","0.04501762613654137","0.04501762613654137"
"1317","0.041601359844207764","0.041601359844207764","0.041601359844207764"
"1319","0.04000857472419739","0.04000857472419739","0.04000857472419739"
"1321","0.04292537271976471","0.04292537271976471","0.04292537271976471"
"1323","0.04158486798405647","0.04158486798405647","0.04158486798405647"
"1325","0.04929230362176895","0.04929230362176895","0.04929230362176895"
"1329","0.04291251301765442","0.04291251301765442","0.04291251301765442"
"1331","0.045880455523729324","0.045880455523729324","0.045880455523729324"
"1333","0.04242974519729614","0.04242974519729614","0.04242974519729614"
"1335","0.04079607129096985","0.04079607129096985","0.04079607129096985"
"1337","0.043787408620119095","0.043787408620119095","0.043787408620119095"
"1339","0.042393628507852554","0.042393628507852554","0.042393628507852554"
"1341","0.050236742943525314","0.050236742943525314","0.050236742943525314"
"1345","0.04371050372719765","0.04371050372719765","0.04371050372719765"
"1347","0.04675089567899704","0.04675089567899704","0.04675089567899704"
"1349","0.04325953498482704","0.04325953498482704","0.04325953498482704"
"1351","0.04160492122173309","0.04160492122173309","0.04160492122173309"
"1353","0.04465392604470253","0.04465392604470253","0.04465392604470253"
"1355","0.04322377219796181","0.04322377219796181","0.04322377219796181"
"1357","0.05119108781218529","0.05119108781218529","0.05119108781218529"
"1361","0.04452408850193024","0.04452408850193024","0.04452408850193024"
"1363","0.04762091115117073","0.04762091115117073","0.04762091115117073"
"1365","0.044104691594839096","0.044104691594839096","0.044104691594839096"
"1367","0.04241995885968208","0.04241995885968208","0.04241995885968208"
"1369","0.04552595317363739","0.04552595317363739","0.04552595317363739"
"1371","0.04405297711491585","0.04405297711491585","0.04405297711491585"
"1373","0.05215127766132355","0.05215127766132355","0.05215127766132355"
"1377","0.04533366113901138","0.04533366113901138","0.04533366113901138"
"1379","0.04849773272871971","0.04849773272871971","0.04849773272871971"
"1381","0.04495767876505852","0.04495767876505852","0.04495767876505852"
"1383","0.04324967414140701","0.04324967414140701","0.04324967414140701"
"1385","0.04640767350792885","0.04640767350792885","0.04640767350792885"
"1387","0.04489120468497276","0.04489120468497276","0.04489120468497276"
"1389","0.053133126348257065","0.053133126348257065","0.053133126348257065"
"1393","0.04616154357790947","0.04616154357790947","0.04616154357790947"
"1395","0.04938756301999092","0.04938756301999092","0.04938756301999092"
"1397","0.04583399370312691","0.04583399370312691","0.04583399370312691"
"1399","0.044080331921577454","0.044080331921577454","0.044080331921577454"
"1401","0.04731377214193344","0.04731377214193344","0.04731377214193344"
"1403","0.04573293402791023","0.04573293402791023","0.04573293402791023"
"1405","0.054140154272317886","0.054140154272317886","0.054140154272317886"
"1409","0.04699036478996277","0.04699036478996277","0.04699036478996277"
"1411","0.05027544125914574","0.05027544125914574","0.05027544125914574"
"1413","0.046709321439266205","0.046709321439266205","0.046709321439266205"
"1415","0.04490449279546738","0.04490449279546738","0.04490449279546738"
"1417","0.0482032373547554","0.0482032373547554","0.0482032373547554"
"1419","0.04657382145524025","0.04657382145524025","0.04657382145524025"
"1421","0.05512937530875206","0.05512937530875206","0.05512937530875206"
"1425","0.04782245680689812","0.04782245680689812","0.04782245680689812"
"1427","0.051172349601984024","0.051172349601984024","0.051172349601984024"
"1429","0.04757559671998024","0.04757559671998024","0.04757559671998024"
"1431","0.04573550075292587","0.04573550075292587","0.04573550075292587"
"1433","0.049088895320892334","0.049088895320892334","0.049088895320892334"
"1435","0.04741507023572922","0.04741507023572922","0.04741507023572922"
"1437","0.05611401051282883","0.05611401051282883","0.05611401051282883"
"1441","0.048654116690158844","0.048654116690158844","0.048654116690158844"
"1443","0.052070748060941696","0.052070748060941696","0.052070748060941696"
"1445","0.048439767211675644","0.048439767211675644","0.048439767211675644"
"1447","0.04656882584095001","0.04656882584095001","0.04656882584095001"
"1449","0.04996112361550331","0.04996112361550331","0.04996112361550331"
"1451","0.048250652849674225","0.048250652849674225","0.048250652849674225"
"1453","0.057090386748313904","0.057090386748313904","0.057090386748313904"
"1457","0.049493566155433655","0.049493566155433655","0.049493566155433655"
"1459","0.052974846214056015","0.052974846214056015","0.052974846214056015"
"1461","0.04931606724858284","0.04931606724858284","0.04931606724858284"
"1463","0.047410596162080765","0.047410596162080765","0.047410596162080765"
"1465","0.05083748325705528","0.05083748325705528","0.05083748325705528"
"1467","0.04909629374742508","0.04909629374742508","0.04909629374742508"
"1469","0.05806449055671692","0.05806449055671692","0.05806449055671692"
"1473","0.05033395066857338","0.05033395066857338","0.05033395066857338"
"1475","0.05388495326042175","0.05388495326042175","0.05388495326042175"
"1477","0.05019695311784744","0.05019695311784744","0.05019695311784744"
"1479","0.04826316237449646","0.04826316237449646","0.04826316237449646"
"1481","0.05174126848578453","0.05174126848578453","0.05174126848578453"
"1483","0.04995293915271759","0.04995293915271759","0.04995293915271759"
"1485","0.05905092507600784","0.05905092507600784","0.05905092507600784"
"1489","0.05117916688323021","0.05117916688323021","0.05117916688323021"
"1491","0.05480244755744934","0.05480244755744934","0.05480244755744934"
"1493","0.05107876658439636","0.05107876658439636","0.05107876658439636"
"1495","0.04911814630031586","0.04911814630031586","0.04911814630031586"
"1497","0.05263914912939072","0.05263914912939072","0.05263914912939072"
"1499","0.05080108344554901","0.05080108344554901","0.05080108344554901"
"1501","0.06004243344068527","0.06004243344068527","0.06004243344068527"
"1505","0.05202304571866989","0.05202304571866989","0.05202304571866989"
"1507","0.05570322647690773","0.05570322647690773","0.05570322647690773"
"1509","0.05196148157119751","0.05196148157119751","0.05196148157119751"
"1511","0.049970339983701706","0.049970339983701706","0.049970339983701706"
"1513","0.053549110889434814","0.053549110889434814","0.053549110889434814"
"1515","0.0516614206135273","0.0516614206135273","0.0516614206135273"
"1517","0.06104745343327522","0.06104745343327522","0.06104745343327522"
"1521","0.05287269502878189","0.05287269502878189","0.05287269502878189"
"1523","0.056612323969602585","0.056612323969602585","0.056612323969602585"
"1525","0.052855197340250015","0.052855197340250015","0.052855197340250015"
"1527","0.050827622413635254","0.050827622413635254","0.050827622413635254"
"1529","0.054470259696245193","0.054470259696245193","0.054470259696245193"
"1531","0.052531834691762924","0.052531834691762924","0.052531834691762924"
"1533","0.06203847378492355","0.06203847378492355","0.06203847378492355"
"1537","0.05372663959860802","0.05372663959860802","0.05372663959860802"
"1539","0.0575094148516655","0.0575094148516655","0.0575094148516655"
"1541","0.053734105080366135","0.053734105080366135","0.053734105080366135"
"1543","0.051684457808732986","0.051684457808732986","0.051684457808732986"
"1545","0.05538078770041466","0.05538078770041466","0.05538078770041466"
"1547","0.05341431125998497","0.05341431125998497","0.05341431125998497"
"1549","0.06303045153617859","0.06303045153617859","0.06303045153617859"
"1553","0.054576974362134933","0.054576974362134933","0.054576974362134933"
"1555","0.058407679200172424","0.058407679200172424","0.058407679200172424"
"1557","0.05461887642741203","0.05461887642741203","0.05461887642741203"
"1559","0.052543237805366516","0.052543237805366516","0.052543237805366516"
"1561","0.05627872049808502","0.05627872049808502","0.05627872049808502"
"1563","0.054275669157505035","0.054275669157505035","0.054275669157505035"
"1565","0.06400969624519348","0.06400969624519348","0.06400969624519348"
"1569","0.055424340069293976","0.055424340069293976","0.055424340069293976"
"1571","0.05930330976843834","0.05930330976843834","0.05930330976843834"
"1573","0.05549636855721474","0.05549636855721474","0.05549636855721474"
"1575","0.053404588252305984","0.053404588252305984","0.053404588252305984"
"1577","0.05716438218951225","0.05716438218951225","0.05716438218951225"
"1579","0.055125024169683456","0.055125024169683456","0.055125024169683456"
"1581","0.06498938798904419","0.06498938798904419","0.06498938798904419"
"1585","0.05627012252807617","0.05627012252807617","0.05627012252807617"
"1587","0.06019240617752075","0.06019240617752075","0.06019240617752075"
"1589","0.056376080960035324","0.056376080960035324","0.056376080960035324"
"1591","0.05426871031522751","0.05426871031522751","0.05426871031522751"
"1593","0.058062903583049774","0.058062903583049774","0.058062903583049774"
"1595","0.05599107965826988","0.05599107965826988","0.05599107965826988"
"1597","0.06597550213336945","0.06597550213336945","0.06597550213336945"
"1601","0.05712142214179039","0.05712142214179039","0.05712142214179039"
"1603","0.061090659350156784","0.061090659350156784","0.061090659350156784"
"1605","0.05725964158773422","0.05725964158773422","0.05725964158773422"
"1607","0.05514027923345566","0.05514027923345566","0.05514027923345566"
"1609","0.05897527560591698","0.05897527560591698","0.05897527560591698"
"1611","0.056856896728277206","0.056856896728277206","0.056856896728277206"
"1613","0.06695394963026047","0.06695394963026047","0.06695394963026047"
"1617","0.05796835944056511","0.05796835944056511","0.05796835944056511"
"1619","0.06198892369866371","0.06198892369866371","0.06198892369866371"
"1621","0.05813460797071457","0.05813460797071457","0.05813460797071457"
"1623","0.056015774607658386","0.056015774607658386","0.056015774607658386"
"1625","0.05988087132573128","0.05988087132573128","0.05988087132573128"
"1627","0.057721953839063644","0.057721953839063644","0.057721953839063644"
"1629","0.06794741004705429","0.06794741004705429","0.06794741004705429"
"1633","0.05882047489285469","0.05882047489285469","0.05882047489285469"
"1635","0.06289177387952805","0.06289177387952805","0.06289177387952805"
"1637","0.059026509523391724","0.059026509523391724","0.059026509523391724"
"1639","0.05689845606684685","0.05689845606684685","0.05689845606684685"
"1641","0.06079345941543579","0.06079345941543579","0.06079345941543579"
"1643","0.05858307331800461","0.05858307331800461","0.05858307331800461"
"1645","0.06894345581531525","0.06894345581531525","0.06894345581531525"
"1649","0.059698592871427536","0.059698592871427536","0.059698592871427536"
"1651","0.0638081282377243","0.0638081282377243","0.0638081282377243"
"1653","0.05992884933948517","0.05992884933948517","0.05992884933948517"
"1655","0.05778971686959267","0.05778971686959267","0.05778971686959267"
"1657","0.06174127385020256","0.06174127385020256","0.06174127385020256"
"1659","0.059465691447257996","0.059465691447257996","0.059465691447257996"
"1661","0.0699496790766716","0.0699496790766716","0.0699496790766716"
"1665","0.060578953474760056","0.060578953474760056","0.060578953474760056"
"1667","0.06472419202327728","0.06472419202327728","0.06472419202327728"
"1669","0.060835763812065125","0.060835763812065125","0.060835763812065125"
"1671","0.058671511709690094","0.058671511709690094","0.058671511709690094"
"1673","0.06267890334129333","0.06267890334129333","0.06267890334129333"
"1675","0.06034169718623161","0.06034169718623161","0.06034169718623161"
"1677","0.07093188166618347","0.07093188166618347","0.07093188166618347"
"1681","0.06145043298602104","0.06145043298602104","0.06145043298602104"
"1683","0.06563640385866165","0.06563640385866165","0.06563640385866165"
"1685","0.06171925365924835","0.06171925365924835","0.06171925365924835"
"1687","0.05953912436962128","0.05953912436962128","0.05953912436962128"
"1689","0.06360955536365509","0.06360955536365509","0.06360955536365509"
"1691","0.06120922416448593","0.06120922416448593","0.06120922416448593"
"1693","0.07190460711717606","0.07190460711717606","0.07190460711717606"
"1697","0.06231575831770897","0.06231575831770897","0.06231575831770897"
"1699","0.0665326789021492","0.0665326789021492","0.0665326789021492"
"1701","0.06260734796524048","0.06260734796524048","0.06260734796524048"
"1703","0.06041484326124191","0.06041484326124191","0.06041484326124191"
"1705","0.06452753394842148","0.06452753394842148","0.06452753394842148"
"1707","0.062075868248939514","0.062075868248939514","0.062075868248939514"
"1709","0.07286256551742554","0.07286256551742554","0.07286256551742554"
"1713","0.06318100541830063","0.06318100541830063","0.06318100541830063"
"1715","0.06742960959672928","0.06742960959672928","0.06742960959672928"
"1717","0.06348485499620438","0.06348485499620438","0.06348485499620438"
"1719","0.061302535235881805","0.061302535235881805","0.061302535235881805"
"1721","0.06544152647256851","0.06544152647256851","0.06544152647256851"
"1723","0.06293530017137527","0.06293530017137527","0.06293530017137527"
"1725","0.07381322234869003","0.07381322234869003","0.07381322234869003"
"1729","0.06404022872447968","0.06404022872447968","0.06404022872447968"
"1731","0.06832900643348694","0.06832900643348694","0.06832900643348694"
"1733","0.06436875462532043","0.06436875462532043","0.06436875462532043"
"1735","0.062185272574424744","0.062185272574424744","0.062185272574424744"
"1737","0.06636123359203339","0.06636123359203339","0.06636123359203339"
"1739","0.06380628049373627","0.06380628049373627","0.06380628049373627"
"1741","0.07476302236318588","0.07476302236318588","0.07476302236318588"
"1745","0.06490355730056763","0.06490355730056763","0.06490355730056763"
"1747","0.06923346221446991","0.06923346221446991","0.06923346221446991"
"1749","0.06526041030883789","0.06526041030883789","0.06526041030883789"
"1751","0.06306887418031693","0.06306887418031693","0.06306887418031693"
"1753","0.06729158759117126","0.06729158759117126","0.06729158759117126"
"1755","0.06467683613300323","0.06467683613300323","0.06467683613300323"
"1757","0.07572324573993683","0.07572324573993683","0.07572324573993683"
"1761","0.0657673254609108","0.0657673254609108","0.0657673254609108"
"1763","0.07012493908405304","0.07012493908405304","0.07012493908405304"
"1765","0.06614601612091064","0.06614601612091064","0.06614601612091064"
"1767","0.0639532059431076","0.0639532059431076","0.0639532059431076"
"1769","0.06821198016405106","0.06821198016405106","0.06821198016405106"
"1771","0.06553976982831955","0.06553976982831955","0.06553976982831955"
"1773","0.07667970657348633","0.07667970657348633","0.07667970657348633"
"1777","0.06662874668836594","0.06662874668836594","0.06662874668836594"
"1779","0.07100774347782135","0.07100774347782135","0.07100774347782135"
"1781","0.0670255646109581","0.0670255646109581","0.0670255646109581"
"1783","0.06482749432325363","0.06482749432325363","0.06482749432325363"
"1785","0.06912477314472198","0.06912477314472198","0.06912477314472198"
"1787","0.06640943884849548","0.06640943884849548","0.06640943884849548"
"1789","0.07763423770666122","0.07763423770666122","0.07763423770666122"
"1793","0.06748515367507935","0.06748515367507935","0.06748515367507935"
"1795","0.07188685983419418","0.07188685983419418","0.07188685983419418"
"1797","0.067921482026577","0.067921482026577","0.067921482026577"
"1799","0.06571729481220245","0.06571729481220245","0.06571729481220245"
"1801","0.07003934681415558","0.07003934681415558","0.07003934681415558"
"1803","0.06728427112102509","0.06728427112102509","0.06728427112102509"
"1805","0.07857268303632736","0.07857268303632736","0.07857268303632736"
"1809","0.06834621727466583","0.06834621727466583","0.06834621727466583"
"1811","0.07276102155447006","0.07276102155447006","0.07276102155447006"
"1813","0.0688028335571289","0.0688028335571289","0.0688028335571289"
"1815","0.06660561263561249","0.06660561263561249","0.06660561263561249"
"1817","0.07095523178577423","0.07095523178577423","0.07095523178577423"
"1819","0.06816061586141586","0.06816061586141586","0.06816061586141586"
"1821","0.07951176166534424","0.07951176166534424","0.07951176166534424"
"1825","0.06921214610338211","0.06921214610338211","0.06921214610338211"
"1827","0.07364202290773392","0.07364202290773392","0.07364202290773392"
"1829","0.06969394534826279","0.06969394534826279","0.06969394534826279"
"1831","0.0674922913312912","0.0674922913312912","0.0674922913312912"
"1833","0.07187071442604065","0.07187071442604065","0.07187071442604065"
"1835","0.06902707368135452","0.06902707368135452","0.06902707368135452"
"1837","0.08045627176761627","0.08045627176761627","0.08045627176761627"
"1841","0.07006502151489258","0.07006502151489258","0.07006502151489258"
"1843","0.0745193213224411","0.0745193213224411","0.0745193213224411"
"1845","0.07058608531951904","0.07058608531951904","0.07058608531951904"
"1847","0.06837794929742813","0.06837794929742813","0.06837794929742813"
"1849","0.07278794795274734","0.07278794795274734","0.07278794795274734"
"1851","0.06988789886236191","0.06988789886236191","0.06988789886236191"
"1853","0.08140244334936142","0.08140244334936142","0.08140244334936142"
"1857","0.0709063932299614","0.0709063932299614","0.0709063932299614"
"1859","0.07539129257202148","0.07539129257202148","0.07539129257202148"
"1861","0.07147563248872757","0.07147563248872757","0.07147563248872757"
"1863","0.06926490366458893","0.06926490366458893","0.06926490366458893"
"1865","0.0736989974975586","0.0736989974975586","0.0736989974975586"
"1867","0.07075367122888565","0.07075367122888565","0.07075367122888565"
"1869","0.08233454823493958","0.08233454823493958","0.08233454823493958"
"1873","0.0717417299747467","0.0717417299747467","0.0717417299747467"
"1875","0.07625503093004227","0.07625503093004227","0.07625503093004227"
"1877","0.07236744463443756","0.07236744463443756","0.07236744463443756"
"1879","0.07015043497085571","0.07015043497085571","0.07015043497085571"
"1881","0.07459868490695953","0.07459868490695953","0.07459868490695953"
"1883","0.07161595672369003","0.07161595672369003","0.07161595672369003"
"1885","0.08325265347957611","0.08325265347957611","0.08325265347957611"
"1889","0.07258705794811249","0.07258705794811249","0.07258705794811249"
"1891","0.07711414247751236","0.07711414247751236","0.07711414247751236"
"1893","0.07324574142694473","0.07324574142694473","0.07324574142694473"
"1895","0.07103467732667923","0.07103467732667923","0.07103467732667923"
"1897","0.07549324631690979","0.07549324631690979","0.07549324631690979"
"1899","0.0724770724773407","0.0724770724773407","0.0724770724773407"
"1901","0.08416236937046051","0.08416236937046051","0.08416236937046051"
"1905","0.07342063635587692","0.07342063635587692","0.07342063635587692"
"1907","0.07797536998987198","0.07797536998987198","0.07797536998987198"
"1909","0.0741254910826683","0.0741254910826683","0.0741254910826683"
"1911","0.07191463559865952","0.07191463559865952","0.07191463559865952"
"1913","0.07639804482460022","0.07639804482460022","0.07639804482460022"
"1915","0.07332968711853027","0.07332968711853027","0.07332968711853027"
"1917","0.08505658805370331","0.08505658805370331","0.08505658805370331"
"1921","0.0742529109120369","0.0742529109120369","0.0742529109120369"
"1923","0.07882247865200043","0.07882247865200043","0.07882247865200043"
"1925","0.07500051707029343","0.07500051707029343","0.07500051707029343"
"1927","0.07278388738632202","0.07278388738632202","0.07278388738632202"
"1929","0.07729120552539825","0.07729120552539825","0.07729120552539825"
"1931","0.07419148087501526","0.07419148087501526","0.07419148087501526"
"1933","0.08594544976949692","0.08594544976949692","0.08594544976949692"
"1937","0.07509277015924454","0.07509277015924454","0.07509277015924454"
"1939","0.07967879623174667","0.07967879623174667","0.07967879623174667"
"1941","0.07587600499391556","0.07587600499391556","0.07587600499391556"
"1943","0.07366987317800522","0.07366987317800522","0.07366987317800522"
"1945","0.07818866521120071","0.07818866521120071","0.07818866521120071"
"1947","0.07505039125680923","0.07505039125680923","0.07505039125680923"
"1949","0.08683440834283829","0.08683440834283829","0.08683440834283829"
"1953","0.07592520117759705","0.07592520117759705","0.07592520117759705"
"1955","0.08053335547447205","0.08053335547447205","0.08053335547447205"
"1957","0.07673819363117218","0.07673819363117218","0.07673819363117218"
"1959","0.07454763352870941","0.07454763352870941","0.07454763352870941"
"1961","0.07907213270664215","0.07907213270664215","0.07907213270664215"
"1963","0.07589799910783768","0.07589799910783768","0.07589799910783768"
"1965","0.08771280944347382","0.08771280944347382","0.08771280944347382"
"1969","0.07674600929021835","0.07674600929021835","0.07674600929021835"
"1971","0.08137494325637817","0.08137494325637817","0.08137494325637817"
"1973","0.07758918404579163","0.07758918404579163","0.07758918404579163"
"1975","0.07541918009519577","0.07541918009519577","0.07541918009519577"
"1977","0.07993811368942261","0.07993811368942261","0.07993811368942261"
"1979","0.07673165202140808","0.07673165202140808","0.07673165202140808"
"1981","0.08857329934835434","0.08857329934835434","0.08857329934835434"
"1985","0.07756214588880539","0.07756214588880539","0.07756214588880539"
"1987","0.08221660554409027","0.08221660554409027","0.08221660554409027"
"1989","0.07843925803899765","0.07843925803899765","0.07843925803899765"
"1991","0.07628366351127625","0.07628366351127625","0.07628366351127625"
"1993","0.08079903572797775","0.08079903572797775","0.08079903572797775"
"1995","0.07755714654922485","0.07755714654922485","0.07755714654922485"
"1997","0.08942528069019318","0.08942528069019318","0.08942528069019318"
"2001","0.07838074117898941","0.07838074117898941","0.07838074117898941"
"2003","0.08304965496063232","0.08304965496063232","0.08304965496063232"
"2005","0.0792846605181694","0.0792846605181694","0.0792846605181694"
"2007","0.07716137170791626","0.07716137170791626","0.07716137170791626"
"2009","0.08166195452213287","0.08166195452213287","0.08166195452213287"
"2011","0.07838533818721771","0.07838533818721771","0.07838533818721771"
"2013","0.09027769416570663","0.09027769416570663","0.09027769416570663"
"2017","0.07920151948928833","0.07920151948928833","0.07920151948928833"
"2019","0.08387773483991623","0.08387773483991623","0.08387773483991623"
"2021","0.08012647181749344","0.08012647181749344","0.08012647181749344"
"2023","0.07802249491214752","0.07802249491214752","0.07802249491214752"
"2025","0.08250529319047928","0.08250529319047928","0.08250529319047928"
"2027","0.07920029014348984","0.07920029014348984","0.07920029014348984"
"2029","0.09112425893545151","0.09112425893545151","0.09112425893545151"
"2033","0.08000609278678894","0.08000609278678894","0.08000609278678894"
"2035","0.08469018340110779","0.08469018340110779","0.08469018340110779"
"2037","0.08094657212495804","0.08094657212495804","0.08094657212495804"
"2039","0.07886943221092224","0.07886943221092224","0.07886943221092224"
"2041","0.08335309475660324","0.08335309475660324","0.08335309475660324"
"2043","0.08001209050416946","0.08001209050416946","0.08001209050416946"
"2045","0.09197083860635757","0.09197083860635757","0.09197083860635757"
"2049","0.08081214874982834","0.08081214874982834","0.08081214874982834"
"2051","0.0854918584227562","0.0854918584227562","0.0854918584227562"
"2053","0.08176661282777786","0.08176661282777786","0.08176661282777786"
"2055","0.07970993220806122","0.07970993220806122","0.07970993220806122"
"2057","0.08419089019298553","0.08419089019298553","0.08419089019298553"
"2059","0.08080275356769562","0.08080275356769562","0.08080275356769562"
"2061","0.09279116243124008","0.09279116243124008","0.09279116243124008"
"2065","0.08160868287086487","0.08160868287086487","0.08160868287086487"
"2067","0.08628437668085098","0.08628437668085098","0.08628437668085098"
"2069","0.08257529139518738","0.08257529139518738","0.08257529139518738"
"2071","0.0805489718914032","0.0805489718914032","0.0805489718914032"
"2073","0.08502732962369919","0.08502732962369919","0.08502732962369919"
"2075","0.0816042423248291","0.0816042423248291","0.0816042423248291"
"2077","0.09361179172992706","0.09361179172992706","0.09361179172992706"
"2081","0.08240097761154175","0.08240097761154175","0.08240097761154175"
"2083","0.08707889914512634","0.08707889914512634","0.08707889914512634"
"2085","0.08337219804525375","0.08337219804525375","0.08337219804525375"
"2087","0.08138252049684525","0.08138252049684525","0.08138252049684525"
"2089","0.08584985882043839","0.08584985882043839","0.08584985882043839"
"2091","0.0824001356959343","0.0824001356959343","0.0824001356959343"
"2093","0.09441907703876495","0.09441907703876495","0.09441907703876495"
"2097","0.08319108188152313","0.08319108188152313","0.08319108188152313"
"2099","0.08786305785179138","0.08786305785179138","0.08786305785179138"
"2101","0.0841779112815857","0.0841779112815857","0.0841779112815857"
"2103","0.08221342414617538","0.08221342414617538","0.08221342414617538"
"2105","0.08668090403079987","0.08668090403079987","0.08668090403079987"
"2107","0.08320262283086777","0.08320262283086777","0.08320262283086777"
"2109","0.09522797912359238","0.09522797912359238","0.09522797912359238"
"2113","0.08398794382810593","0.08398794382810593","0.08398794382810593"
"2115","0.0886489674448967","0.0886489674448967","0.0886489674448967"
"2117","0.08497794717550278","0.08497794717550278","0.08497794717550278"
"2119","0.0830334946513176","0.0830334946513176","0.0830334946513176"
"2121","0.08748652040958405","0.08748652040958405","0.08748652040958405"
"2123","0.08399619907140732","0.08399619907140732","0.08399619907140732"
"2125","0.09602274745702744","0.09602274745702744","0.09602274745702744"
"2129","0.08476432412862778","0.08476432412862778","0.08476432412862778"
"2131","0.0894324854016304","0.0894324854016304","0.0894324854016304"
"2133","0.08576931059360504","0.08576931059360504","0.08576931059360504"
"2135","0.08385711908340454","0.08385711908340454","0.08385711908340454"
"2137","0.0882955864071846","0.0882955864071846","0.0882955864071846"
"2139","0.08477729558944702","0.08477729558944702","0.08477729558944702"
"2141","0.09681443870067596","0.09681443870067596","0.09681443870067596"
"2145","0.08552610129117966","0.08552610129117966","0.08552610129117966"
"2147","0.09020940959453583","0.09020940959453583","0.09020940959453583"
"2149","0.08656129240989685","0.08656129240989685","0.08656129240989685"
"2151","0.08467497676610947","0.08467497676610947","0.08467497676610947"
"2153","0.0891030877828598","0.0891030877828598","0.0891030877828598"
"2155","0.08555503934621811","0.08555503934621811","0.08555503934621811"
"2157","0.09759286046028137","0.09759286046028137","0.09759286046028137"
"2161","0.08629031479358673","0.08629031479358673","0.08629031479358673"
"2163","0.09098519384860992","0.09098519384860992","0.09098519384860992"
"2165","0.0873534232378006","0.0873534232378006","0.0873534232378006"
"2167","0.08550483733415604","0.08550483733415604","0.08550483733415604"
"2169","0.08990541100502014","0.08990541100502014","0.08990541100502014"
"2171","0.08632870763540268","0.08632870763540268","0.08632870763540268"
"2173","0.098355732858181","0.098355732858181","0.098355732858181"
"2177","0.08704659342765808","0.08704659342765808","0.08704659342765808"
"2179","0.09174472838640213","0.09174472838640213","0.09174472838640213"
"2181","0.08812908828258514","0.08812908828258514","0.08812908828258514"
"2183","0.08631964772939682","0.08631964772939682","0.08631964772939682"
"2185","0.09068916738033295","0.09068916738033295","0.09068916738033295"
"2187","0.0871025025844574","0.0871025025844574","0.0871025025844574"
"2189","0.09910045564174652","0.09910045564174652","0.09910045564174652"
"2193","0.08780069649219513","0.08780069649219513","0.08780069649219513"
"2195","0.09249866008758545","0.09249866008758545","0.09249866008758545"
"2197","0.08888866752386093","0.08888866752386093","0.08888866752386093"
"2199","0.08712636679410934","0.08712636679410934","0.08712636679410934"
"2201","0.0914606973528862","0.0914606973528862","0.0914606973528862"
"2203","0.0878579318523407","0.0878579318523407","0.0878579318523407"
"2205","0.09984263777732849","0.09984263777732849","0.09984263777732849"
"2209","0.08853892982006073","0.08853892982006073","0.08853892982006073"
"2211","0.09324203431606293","0.09324203431606293","0.09324203431606293"
"2213","0.0896490141749382","0.0896490141749382","0.0896490141749382"
"2215","0.08792831748723984","0.08792831748723984","0.08792831748723984"
"2217","0.092234767973423","0.092234767973423","0.092234767973423"
"2219","0.08860898017883301","0.08860898017883301","0.08860898017883301"
"2221","0.1005614697933197","0.1005614697933197","0.1005614697933197"
"2225","0.08927612006664276","0.08927612006664276","0.08927612006664276"
"2227","0.09397542476654053","0.09397542476654053","0.09397542476654053"
"2229","0.09040986746549606","0.09040986746549606","0.09040986746549606"
"2231","0.08872832357883453","0.08872832357883453","0.08872832357883453"
"2233","0.09300432354211807","0.09300432354211807","0.09300432354211807"
"2235","0.08936120569705963","0.08936120569705963","0.08936120569705963"
"2237","0.101290263235569","0.101290263235569","0.101290263235569"
"2241","0.09001528471708298","0.09001528471708298","0.09001528471708298"
"2243","0.09470091015100479","0.09470091015100479","0.09470091015100479"
"2245","0.09115999191999435","0.09115999191999435","0.09115999191999435"
"2247","0.08952894061803818","0.08952894061803818","0.08952894061803818"
"2249","0.09375640749931335","0.09375640749931335","0.09375640749931335"
"2251","0.09009883552789688","0.09009883552789688","0.09009883552789688"
"2253","0.10200374573469162","0.10200374573469162","0.10200374573469162"
"2257","0.09074033796787262","0.09074033796787262","0.09074033796787262"
"2259","0.0954158678650856","0.0954158678650856","0.0954158678650856"
"2261","0.09189281612634659","0.09189281612634659","0.09189281612634659"
"2263","0.09031154960393906","0.09031154960393906","0.09031154960393906"
"2265","0.09450150281190872","0.09450150281190872","0.09450150281190872"
"2267","0.09082437306642532","0.09082437306642532","0.09082437306642532"
"2269","0.10271378606557846","0.10271378606557846","0.10271378606557846"
"2273","0.09145527333021164","0.09145527333021164","0.09145527333021164"
"2275","0.09611928462982178","0.09611928462982178","0.09611928462982178"
"2277","0.09262556582689285","0.09262556582689285","0.09262556582689285"
"2279","0.0910869613289833","0.0910869613289833","0.0910869613289833"
"2281","0.09524219483137131","0.09524219483137131","0.09524219483137131"
"2283","0.09154589474201202","0.09154589474201202","0.09154589474201202"
"2285","0.1034097671508789","0.1034097671508789","0.1034097671508789"
"2289","0.09215690195560455","0.09215690195560455","0.09215690195560455"
"2291","0.09682571887969971","0.09682571887969971","0.09682571887969971"
"2293","0.09336484223604202","0.09336484223604202","0.09336484223604202"
"2295","0.09187168627977371","0.09187168627977371","0.09187168627977371"
"2297","0.09598058462142944","0.09598058462142944","0.09598058462142944"
"2299","0.09227478504180908","0.09227478504180908","0.09227478504180908"
"2301","0.10410220175981522","0.10410220175981522","0.10410220175981522"
"2305","0.09286502003669739","0.09286502003669739","0.09286502003669739"
"2307","0.09752658009529114","0.09752658009529114","0.09752658009529114"
"2309","0.09409815073013306","0.09409815073013306","0.09409815073013306"
"2311","0.09264164417982101","0.09264164417982101","0.09264164417982101"
"2313","0.09670714288949966","0.09670714288949966","0.09670714288949966"
"2315","0.09297975897789001","0.09297975897789001","0.09297975897789001"
"2317","0.10478323698043823","0.10478323698043823","0.10478323698043823"
"2321","0.0935547798871994","0.0935547798871994","0.0935547798871994"
"2323","0.0982050970196724","0.0982050970196724","0.0982050970196724"
"2325","0.09480643272399902","0.09480643272399902","0.09480643272399902"
"2327","0.09339696168899536","0.09339696168899536","0.09339696168899536"
"2329","0.09740802645683289","0.09740802645683289","0.09740802645683289"
"2331","0.09366662800312042","0.09366662800312042","0.09366662800312042"
"2333","0.10543142259120941","0.10543142259120941","0.10543142259120941"
"2337","0.09423333406448364","0.09423333406448364","0.09423333406448364"
"2339","0.09886982291936874","0.09886982291936874","0.09886982291936874"
"2341","0.0954952985048294","0.0954952985048294","0.0954952985048294"
"2343","0.0941419005393982","0.0941419005393982","0.0941419005393982"
"2345","0.09811529517173767","0.09811529517173767","0.09811529517173767"
"2347","0.09435533732175827","0.09435533732175827","0.09435533732175827"
"2349","0.1060650497674942","0.1060650497674942","0.1060650497674942"
"2353","0.09490611404180527","0.09490611404180527","0.09490611404180527"
"2355","0.0995224267244339","0.0995224267244339","0.0995224267244339"
"2357","0.09617890417575836","0.09617890417575836","0.09617890417575836"
"2359","0.09487893432378769","0.09487893432378769","0.09487893432378769"
"2361","0.09881344437599182","0.09881344437599182","0.09881344437599182"
"2363","0.09503592550754547","0.09503592550754547","0.09503592550754547"
"2365","0.10669909417629242","0.10669909417629242","0.10669909417629242"
"2369","0.09556214511394501","0.09556214511394501","0.09556214511394501"
"2371","0.10016538202762604","0.10016538202762604","0.10016538202762604"
"2373","0.09685947000980377","0.09685947000980377","0.09685947000980377"
"2375","0.09560997039079666","0.09560997039079666","0.09560997039079666"
"2377","0.09950640052556992","0.09950640052556992","0.09950640052556992"
"2379","0.09570653736591339","0.09570653736591339","0.09570653736591339"
"2381","0.10731958597898483","0.10731958597898483","0.10731958597898483"
"2385","0.09620941430330276","0.09620941430330276","0.09620941430330276"
"2387","0.10080049186944962","0.10080049186944962","0.10080049186944962"
"2389","0.09753793478012085","0.09753793478012085","0.09753793478012085"
"2391","0.09634312242269516","0.09634312242269516","0.09634312242269516"
"2393","0.10018186271190643","0.10018186271190643","0.10018186271190643"
"2395","0.09636957198381424","0.09636957198381424","0.09636957198381424"
"2397","0.10791892558336258","0.10791892558336258","0.10791892558336258"